donor_id	series	bank	n_samples	regions	dx_labels	label_conflict	sex_reported	sex_expr	sex_mismatch	both_sexes_in_expression	mixed_sample	split_group	cohort	gsms	series_model	region	batch	n_arrays_averaged	dx	modeling_eligible	model_sample_sex_expr	affected	affected_reason
D0000	GSE53987	Pittsburgh	1	PFC_BA46	BD	False	M	M	False	False	False	G0000	Pittsburgh	GSM1304925	GSE53987	PFC_BA46	GSE53987	1.0	BD	True	M	False	
D0001	GSE53987	Pittsburgh	1	PFC_BA46	CTL	False	F	F	False	False	False	G0001	Pittsburgh	GSM1304946	GSE53987	PFC_BA46	GSE53987	1.0	CTL	True	F	False	
D0002	GSE53987	Pittsburgh	1	PFC_BA46	SCZ	False	F	F	False	False	False	G0002	Pittsburgh	GSM1304980	GSE53987	PFC_BA46	GSE53987	1.0	SCZ	True	F	False	
D0003	GSE53987	Pittsburgh	2	PFC_BA46,STR	BD	False	M	M	False	False	False	G0003	Pittsburgh	GSM1304928	GSE53987	PFC_BA46	GSE53987	1.0	BD	True	M	False	
D0004	GSE53987	Pittsburgh	2	PFC_BA46,STR	BD	False	M	M	False	False	False	G0004	Pittsburgh	GSM1304929	GSE53987	PFC_BA46	GSE53987	1.0	BD	True	M	False	
D0005	GSE53987	Pittsburgh	2	PFC_BA46,STR	BD	False	F	F	False	False	False	G0005	Pittsburgh	GSM1304930	GSE53987	PFC_BA46	GSE53987	1.0	BD	True	F	False	
D0006	GSE53987	Pittsburgh	2	PFC_BA46,STR	BD	False	M	M	False	False	False	G0006	Pittsburgh	GSM1304931	GSE53987	PFC_BA46	GSE53987	1.0	BD	True	M	False	
D0007	GSE53987	Pittsburgh	2	PFC_BA46,STR	BD	False	M	M	False	False	False	G0007	Pittsburgh	GSM1304932	GSE53987	PFC_BA46	GSE53987	1.0	BD	True	M	False	
D0008	GSE53987	Pittsburgh	2	PFC_BA46,STR	BD	False	M	M	False	False	False	G0008	Pittsburgh	GSM1304933	GSE53987	PFC_BA46	GSE53987	1.0	BD	True	M	False	
D0009	GSE53987	Pittsburgh	2	PFC_BA46,STR	BD	False	F	F	False	False	False	G0009	Pittsburgh	GSM1304934	GSE53987	PFC_BA46	GSE53987	1.0	BD	True	F	False	
D0010	GSE53987	Pittsburgh	2	PFC_BA46,STR	BD	False	M	M	False	False	False	G0010	Pittsburgh	GSM1304935	GSE53987	PFC_BA46	GSE53987	1.0	BD	True	M	False	
D0011	GSE53987	Pittsburgh	2	PFC_BA46,STR	BD	False	M	M	False	False	False	G0011	Pittsburgh	GSM1304936	GSE53987	PFC_BA46	GSE53987	1.0	BD	True	M	False	
D0012	GSE53987	Pittsburgh	2	PFC_BA46,STR	BD	False	M	M	False	False	False	G0012	Pittsburgh	GSM1304920	GSE53987	PFC_BA46	GSE53987	1.0	BD	True	M	False	
D0013	GSE53987	Pittsburgh	2	PFC_BA46,STR	BD	False	F	F	False	False	False	G0013	Pittsburgh	GSM1304921	GSE53987	PFC_BA46	GSE53987	1.0	BD	True	F	False	
D0014	GSE53987	Pittsburgh	2	PFC_BA46,STR	BD	False	F	F	False	False	False	G0014	Pittsburgh	GSM1304922	GSE53987	PFC_BA46	GSE53987	1.0	BD	True	F	False	
D0015	GSE53987	Pittsburgh	2	PFC_BA46,STR	BD	False	F	F	False	False	False	G0015	Pittsburgh	GSM1304923	GSE53987	PFC_BA46	GSE53987	1.0	BD	True	F	False	
D0016	GSE53987	Pittsburgh	2	PFC_BA46,STR	BD	False	M	M	False	False	False	G0016	Pittsburgh	GSM1304924	GSE53987	PFC_BA46	GSE53987	1.0	BD	True	M	False	
D0017	GSE53987	Pittsburgh	2	PFC_BA46,STR	BD	False	F	F	False	False	False	G0017	Pittsburgh	GSM1304926	GSE53987	PFC_BA46	GSE53987	1.0	BD	True	F	False	
D0018	GSE53987	Pittsburgh	2	PFC_BA46,STR	BD	False	F	F	False	False	False	G0018	Pittsburgh	GSM1304927	GSE53987	PFC_BA46	GSE53987	1.0	BD	True	F	False	
D0019	GSE53987	Pittsburgh	1	STR	BD	False	F	F	False	False	False	G0019	Pittsburgh							False		False	
D0020	GSE53987	Pittsburgh	2	PFC_BA46,STR	CTL	False	M	M	False	False	False	G0020	Pittsburgh	GSM1304947	GSE53987	PFC_BA46	GSE53987	1.0	CTL	True	M	False	
D0021	GSE53987	Pittsburgh	2	PFC_BA46,STR	CTL	False	M	M	False	False	False	G0021	Pittsburgh	GSM1304950	GSE53987	PFC_BA46	GSE53987	1.0	CTL	True	M	False	
D0022	GSE53987	Pittsburgh	2	PFC_BA46,STR	CTL	False	M	M	False	False	False	G0022	Pittsburgh	GSM1304951	GSE53987	PFC_BA46	GSE53987	1.0	CTL	True	M	False	
D0023	GSE53987	Pittsburgh	2	PFC_BA46,STR	CTL	False	F	M	True	False	False	G0023	Pittsburgh	GSM1304953	GSE53987	PFC_BA46	GSE53987	1.0	CTL	True	M	True	expression sex M vs reported F
D0024	GSE53987	Pittsburgh	2	PFC_BA46,STR	CTL	False	M	M	False	False	False	G0024	Pittsburgh	GSM1304954	GSE53987	PFC_BA46	GSE53987	1.0	CTL	True	M	False	
D0025	GSE53987	Pittsburgh	2	PFC_BA46,STR	CTL	False	M	M	False	False	False	G0025	Pittsburgh	GSM1304937	GSE53987	PFC_BA46	GSE53987	1.0	CTL	True	M	False	
D0026	GSE53987	Pittsburgh	2	PFC_BA46,STR	CTL	False	M	M	False	False	False	G0026	Pittsburgh	GSM1304941	GSE53987	PFC_BA46	GSE53987	1.0	CTL	True	M	False	
D0027	GSE53987	Pittsburgh	2	PFC_BA46,STR	MDD	False	M	M	False	False	False	G0027	Pittsburgh	GSM1304967	GSE53987	PFC_BA46	GSE53987	1.0	MDD	True	M	False	
D0028	GSE53987	Pittsburgh	2	PFC_BA46,STR	MDD	False	M	M	False	False	False	G0028	Pittsburgh	GSM1304968	GSE53987	PFC_BA46	GSE53987	1.0	MDD	True	M	False	
D0029	GSE53987	Pittsburgh	2	PFC_BA46,STR	MDD	False	M	M	False	False	False	G0029	Pittsburgh	GSM1304969	GSE53987	PFC_BA46	GSE53987	1.0	MDD	True	M	False	
D0030	GSE53987	Pittsburgh	2	PFC_BA46,STR	MDD	False	M	M	False	False	False	G0030	Pittsburgh	GSM1304971	GSE53987	PFC_BA46	GSE53987	1.0	MDD	True	M	False	
D0031	GSE53987	Pittsburgh	2	PFC_BA46,STR	MDD	False	M	M	False	False	False	G0031	Pittsburgh	GSM1304972	GSE53987	PFC_BA46	GSE53987	1.0	MDD	True	M	False	
D0032	GSE53987	Pittsburgh	2	PFC_BA46,STR	MDD	False	M	M	False	False	False	G0106	Pittsburgh	GSM1304956	GSE53987	PFC_BA46	GSE53987	1.0	MDD	True	M	False	
D0033	GSE53987	Pittsburgh	2	PFC_BA46,STR	MDD	False	M	M	False	False	False	G0032	Pittsburgh	GSM1304960	GSE53987	PFC_BA46	GSE53987	1.0	MDD	True	M	False	
D0034	GSE53987	Pittsburgh	2	PFC_BA46,STR	MDD	False	M	M	False	False	False	G0033	Pittsburgh	GSM1304961	GSE53987	PFC_BA46	GSE53987	1.0	MDD	True	M	False	
D0035	GSE53987	Pittsburgh	2	PFC_BA46,STR	SCZ	False	M	M	False	False	False	G0034	Pittsburgh	GSM1304981	GSE53987	PFC_BA46	GSE53987	1.0	SCZ	True	M	False	
D0036	GSE53987	Pittsburgh	1	STR	SCZ	False	M	M	False	False	False	G0035	Pittsburgh							False		False	
D0037	GSE53987	Pittsburgh	2	PFC_BA46,STR	SCZ	False	F	F	False	False	False	G0036	Pittsburgh	GSM1304982	GSE53987	PFC_BA46	GSE53987	1.0	SCZ	True	F	False	
D0038	GSE53987	Pittsburgh	2	PFC_BA46,STR	SCZ	False	M	M	False	False	False	G0037	Pittsburgh	GSM1304983	GSE53987	PFC_BA46	GSE53987	1.0	SCZ	True	M	False	
D0039	GSE53987	Pittsburgh	2	PFC_BA46,STR	SCZ	False	M	M	False	False	False	G0038	Pittsburgh	GSM1304984	GSE53987	PFC_BA46	GSE53987	1.0	SCZ	True	M	False	
D0040	GSE53987	Pittsburgh	2	PFC_BA46,STR	SCZ	False	M	M	False	False	False	G0039	Pittsburgh	GSM1304985	GSE53987	PFC_BA46	GSE53987	1.0	SCZ	True	M	False	
D0041	GSE53987	Pittsburgh	2	PFC_BA46,STR	SCZ	False	F	F	False	False	False	G0040	Pittsburgh	GSM1304986	GSE53987	PFC_BA46	GSE53987	1.0	SCZ	True	F	False	
D0042	GSE53987	Pittsburgh	1	STR	SCZ	False	M	M	False	False	False	G0041	Pittsburgh							False		False	
D0043	GSE53987	Pittsburgh	2	PFC_BA46,STR	SCZ	False	M	M	False	False	False	G0042	Pittsburgh	GSM1304987	GSE53987	PFC_BA46	GSE53987	1.0	SCZ	True	M	False	
D0044	GSE53987	Pittsburgh	2	PFC_BA46,STR	SCZ	False	M	M	False	False	False	G0043	Pittsburgh	GSM1304973	GSE53987	PFC_BA46	GSE53987	1.0	SCZ	True	M	False	
D0045	GSE53987	Pittsburgh	2	PFC_BA46,STR	SCZ	False	F	F	False	False	False	G0044	Pittsburgh	GSM1304974	GSE53987	PFC_BA46	GSE53987	1.0	SCZ	True	F	False	
D0046	GSE53987	Pittsburgh	2	PFC_BA46,STR	SCZ	False	F	F	False	False	False	G0045	Pittsburgh	GSM1304975	GSE53987	PFC_BA46	GSE53987	1.0	SCZ	True	F	False	
D0047	GSE53987	Pittsburgh	2	PFC_BA46,STR	SCZ	False	F	F	False	False	False	G0046	Pittsburgh	GSM1304976	GSE53987	PFC_BA46	GSE53987	1.0	SCZ	True	F	False	
D0048	GSE53987	Pittsburgh	2	PFC_BA46,STR	SCZ	False	M	M	False	False	False	G0047	Pittsburgh	GSM1304977	GSE53987	PFC_BA46	GSE53987	1.0	SCZ	True	M	False	
D0049	GSE53987	Pittsburgh	1	STR	SCZ	False	M	M	False	False	False	G0048	Pittsburgh							False		False	
D0050	GSE53987	Pittsburgh	2	PFC_BA46,STR	SCZ	False	F	F	False	False	False	G0049	Pittsburgh	GSM1304978	GSE53987	PFC_BA46	GSE53987	1.0	SCZ	True	F	False	
D0051	GSE53987	Pittsburgh	1	STR	SCZ	False	F	F	False	False	False	G0050	Pittsburgh							False		False	
D0052	GSE53987	Pittsburgh	2	PFC_BA46,STR	SCZ	False	F	F	False	False	False	G0051	Pittsburgh	GSM1304979	GSE53987	PFC_BA46	GSE53987	1.0	SCZ	True	F	False	
D0053	GSE54567	Pittsburgh	1	PFC_BA9	CTL	False	M	M	False	False	False	G0052	Pittsburgh	GSM1319050	GSE54567	PFC_BA9	GSE54567	1.0	CTL	True	M	False	
D0054	GSE54567	Pittsburgh	1	PFC_BA9	CTL	False	M	M	False	False	False	G0053	Pittsburgh	GSM1319061	GSE54567	PFC_BA9	GSE54567	1.0	CTL	True	M	False	
D0055	GSE54567	Pittsburgh	1	PFC_BA9	MDD	False	M	M	False	False	False	G0054	Pittsburgh	GSM1319064	GSE54567	PFC_BA9	GSE54567	1.0	MDD	True	M	False	
D0056	GSE54567	Pittsburgh	1	PFC_BA9	MDD	False	M	M	False	False	False	G0055	Pittsburgh	GSM1319075	GSE54567	PFC_BA9	GSE54567	1.0	MDD	True	M	False	
D0057	GSE54568	Pittsburgh	1	PFC_BA9	CTL	False	F	F	False	False	False	G0056	Pittsburgh	GSM1319080	GSE54568	PFC_BA9	GSE54568	1.0	CTL	True	F	False	
D0058	GSE53987,GSE54568	Pittsburgh	3	PFC_BA46,PFC_BA9,STR	CTL	False	F	F	False	False	False	G0057	Pittsburgh	GSM1304939	GSE53987	PFC_BA46	GSE53987	1.0	CTL	True	F	False	
D0059	GSE54568	Pittsburgh	1	PFC_BA9	MDD	False	F	F	False	False	False	G0058	Pittsburgh	GSM1319095	GSE54568	PFC_BA9	GSE54568	1.0	MDD	True	F	False	
D0060	GSE54568	Pittsburgh	1	PFC_BA9	MDD	False	F	F	False	False	False	G0059	Pittsburgh	GSM1319107	GSE54568	PFC_BA9	GSE54568	1.0	MDD	True	F	False	
D0061	GSE54568,GSE54571	Pittsburgh	2	ACC_BA25,PFC_BA9	CTL	False	F	F	False	False	False	G0060	Pittsburgh	GSM1319078	GSE54568	PFC_BA9	GSE54568	1.0	CTL	True	F	False	
D0062	GSE54568,GSE54571	Pittsburgh	2	ACC_BA25,PFC_BA9	CTL	False	F	F	False	False	False	G0061	Pittsburgh	GSM1319079	GSE54568	PFC_BA9	GSE54568	1.0	CTL	True	F	False	
D0063	GSE53987,GSE54568,GSE54571	Pittsburgh	4	ACC_BA25,PFC_BA46,PFC_BA9,STR	CTL	False	F	F	False	False	False	G0062	Pittsburgh	GSM1304944	GSE53987	PFC_BA46	GSE53987	1.0	CTL	True	F	False	
D0064	GSE53987,GSE54568,GSE54571	Pittsburgh	4	ACC_BA25,PFC_BA46,PFC_BA9,STR	CTL	False	F	F	False	False	False	G0063	Pittsburgh	GSM1304949	GSE53987	PFC_BA46	GSE53987	1.0	CTL	True	F	False	
D0065	GSE54568,GSE54571	Pittsburgh	2	ACC_BA25,PFC_BA9	CTL	False	F	F	False	False	False	G0064	Pittsburgh	GSM1319083	GSE54568	PFC_BA9	GSE54568	1.0	CTL	True	F	False	
D0066	GSE53987,GSE54568,GSE54571	Pittsburgh	4	ACC_BA25,PFC_BA46,PFC_BA9,STR	CTL	False	F	F	False	False	False	G0065	Pittsburgh	GSM1304938	GSE53987	PFC_BA46	GSE53987	1.0	CTL	True	F	False	
D0067	GSE53987,GSE54568,GSE54571	Pittsburgh	4	ACC_BA25,PFC_BA46,PFC_BA9,STR	CTL	False	F	F	False	False	False	G0066	Pittsburgh	GSM1304943	GSE53987	PFC_BA46	GSE53987	1.0	CTL	True	F	False	
D0068	GSE54568,GSE54571	Pittsburgh	2	ACC_BA25,PFC_BA9	CTL	False	F	F	False	False	False	G0067	Pittsburgh	GSM1319086	GSE54568	PFC_BA9	GSE54568	1.0	CTL	True	F	False	
D0069	GSE54568,GSE54571	Pittsburgh	2	ACC_BA25,PFC_BA9	CTL	False	F	F	False	False	False	G0068	Pittsburgh	GSM1319087	GSE54568	PFC_BA9	GSE54568	1.0	CTL	True	F	False	
D0070	GSE54568,GSE54571	Pittsburgh	2	ACC_BA25,PFC_BA9	CTL	False	F	F	False	False	False	G0069	Pittsburgh	GSM1319088	GSE54568	PFC_BA9	GSE54568	1.0	CTL	True	F	False	
D0071	GSE53987,GSE54568,GSE54571	Pittsburgh	4	ACC_BA25,PFC_BA46,PFC_BA9,STR	CTL	False	F	F	False	False	False	G0070	Pittsburgh	GSM1304945	GSE53987	PFC_BA46	GSE53987	1.0	CTL	True	F	False	
D0072	GSE54568,GSE54571	Pittsburgh	2	ACC_BA25,PFC_BA9	CTL	False	F	F	False	False	False	G0071	Pittsburgh	GSM1319090	GSE54568	PFC_BA9	GSE54568	1.0	CTL	True	F	False	
D0073	GSE53987,GSE54568,GSE54571	Pittsburgh	4	ACC_BA25,PFC_BA46,PFC_BA9,STR	CTL	False	F	F	False	False	False	G0072	Pittsburgh	GSM1304940	GSE53987	PFC_BA46	GSE53987	1.0	CTL	True	F	False	
D0074	GSE54568,GSE54571	Pittsburgh	2	ACC_BA25,PFC_BA9	MDD	False	F	F	False	False	False	G0073	Pittsburgh	GSM1319093	GSE54568	PFC_BA9	GSE54568	1.0	MDD	True	F	False	
D0075	GSE54568,GSE54571	Pittsburgh	2	ACC_BA25,PFC_BA9	MDD	False	F	F	False	False	False	G0074	Pittsburgh	GSM1319094	GSE54568	PFC_BA9	GSE54568	1.0	MDD	True	F	False	
D0076	GSE53987,GSE54568,GSE54571	Pittsburgh	4	ACC_BA25,PFC_BA46,PFC_BA9,STR	MDD	False	F	F	False	False	False	G0075	Pittsburgh	GSM1304963	GSE53987	PFC_BA46	GSE53987	1.0	MDD	True	F	False	
D0077	GSE53987,GSE54568,GSE54571	Pittsburgh	3	ACC_BA25,PFC_BA46,PFC_BA9	MDD	False	F	F	False	False	False	G0076	Pittsburgh	GSM1304966	GSE53987	PFC_BA46	GSE53987	1.0	MDD	True	F	False	
D0078	GSE53987,GSE54568,GSE54571	Pittsburgh	4	ACC_BA25,PFC_BA46,PFC_BA9,STR	MDD	False	F	F	False	False	False	G0077	Pittsburgh	GSM1304957	GSE53987	PFC_BA46	GSE53987	1.0	MDD	True	F	False	
D0079	GSE53987,GSE54568,GSE54571	Pittsburgh	4	ACC_BA25,PFC_BA46,PFC_BA9,STR	MDD	False	F	F	False	False	False	G0078	Pittsburgh	GSM1304959	GSE53987	PFC_BA46	GSE53987	1.0	MDD	True	F	False	
D0080	GSE53987,GSE54568,GSE54571	Pittsburgh	4	ACC_BA25,PFC_BA46,PFC_BA9,STR	MDD	False	F	F	False	False	False	G0079	Pittsburgh	GSM1304962	GSE53987	PFC_BA46	GSE53987	1.0	MDD	True	F	False	
D0081	GSE53987,GSE54568,GSE54571	Pittsburgh	4	ACC_BA25,PFC_BA46,PFC_BA9,STR	MDD	False	F	F	False	False	False	G0080	Pittsburgh	GSM1304958	GSE53987	PFC_BA46	GSE53987	1.0	MDD	True	F	False	
D0082	GSE53987,GSE54568,GSE54571	Pittsburgh	4	ACC_BA25,PFC_BA46,PFC_BA9,STR	MDD	False	F	F	False	False	False	G0081	Pittsburgh	GSM1304970	GSE53987	PFC_BA46	GSE53987	1.0	MDD	True	F	False	
D0083	GSE53987,GSE54568,GSE54571	Pittsburgh	3	ACC_BA25,PFC_BA46,PFC_BA9	MDD	False	F	F	False	False	False	G0082	Pittsburgh	GSM1304964	GSE53987	PFC_BA46	GSE53987	1.0	MDD	True	F	False	
D0084	GSE54568,GSE54571	Pittsburgh	2	ACC_BA25,PFC_BA9	MDD	False	F	F	False	False	False	G0083	Pittsburgh	GSM1319104	GSE54568	PFC_BA9	GSE54568	1.0	MDD	True	F	False	
D0085	GSE54568,GSE54571	Pittsburgh	2	ACC_BA25,PFC_BA9	MDD	False	F	F	False	False	False	G0084	Pittsburgh	GSM1319105	GSE54568	PFC_BA9	GSE54568	1.0	MDD	True	F	False	
D0086	GSE54568,GSE54571	Pittsburgh	2	ACC_BA25,PFC_BA9	MDD	False	F	F	False	False	False	G0085	Pittsburgh	GSM1319106	GSE54568	PFC_BA9	GSE54568	1.0	MDD	True	F	False	
D0087	GSE53987,GSE54567,GSE54572	Pittsburgh	4	ACC_BA25,PFC_BA46,PFC_BA9,STR	CTL	False	M	M	False	False	False	G0086	Pittsburgh	GSM1304942	GSE53987	PFC_BA46	GSE53987	1.0	CTL	True	M	False	
D0088	GSE54567,GSE54572	Pittsburgh	2	ACC_BA25,PFC_BA9	CTL	False	M	M	False	False	False	G0087	Pittsburgh	GSM1319052	GSE54567	PFC_BA9	GSE54567	1.0	CTL	True	M	False	
D0089	GSE54567,GSE54572	Pittsburgh	2	ACC_BA25,PFC_BA9	CTL	False	M	M	False	False	False	G0088	Pittsburgh	GSM1319053	GSE54567	PFC_BA9	GSE54567	1.0	CTL	True	M	False	
D0090	GSE54567,GSE54572	Pittsburgh	2	ACC_BA25,PFC_BA9	CTL	False	M	M	False	False	False	G0089	Pittsburgh	GSM1319054	GSE54567	PFC_BA9	GSE54567	1.0	CTL	True	M	False	
D0091	GSE54567,GSE54572	Pittsburgh	2	ACC_BA25,PFC_BA9	CTL	False	M	M	False	False	False	G0090	Pittsburgh	GSM1319055	GSE54567	PFC_BA9	GSE54567	1.0	CTL	True	M	False	
D0092	GSE53987,GSE54567,GSE54572	Pittsburgh	6	ACC_BA25,PFC_BA46,PFC_BA9,STR	CTL	False	M	M	False	False	False	G0091	Pittsburgh	GSM1304948;GSM1304952	GSE53987	PFC_BA46	GSE53987	2.0	CTL	True	M	False	
D0093	GSE54567,GSE54572	Pittsburgh	2	ACC_BA25,PFC_BA9	CTL	False	M	M	False	False	False	G0092	Pittsburgh	GSM1319057	GSE54567	PFC_BA9	GSE54567	1.0	CTL	True	M	False	
D0094	GSE53987,GSE54567,GSE54572	Pittsburgh	4	ACC_BA25,PFC_BA46,PFC_BA9,STR	CTL	False	M	M	False	False	False	G0093	Pittsburgh	GSM1304955	GSE53987	PFC_BA46	GSE53987	1.0	CTL	True	M	False	
D0095	GSE54567,GSE54572	Pittsburgh	2	ACC_BA25,PFC_BA9	CTL	False	M	M	False	False	False	G0094	Pittsburgh	GSM1319059	GSE54567	PFC_BA9	GSE54567	1.0	CTL	True	M	False	
D0096	GSE54567,GSE54572	Pittsburgh	2	ACC_BA25,PFC_BA9	CTL	False	M	M	False	False	False	G0095	Pittsburgh	GSM1319060	GSE54567	PFC_BA9	GSE54567	1.0	CTL	True	M	False	
D0097	GSE54567,GSE54572	Pittsburgh	2	ACC_BA25,PFC_BA9	CTL	False	M	M	False	False	False	G0096	Pittsburgh	GSM1319062	GSE54567	PFC_BA9	GSE54567	1.0	CTL	True	M	False	
D0098	GSE54567,GSE54572	Pittsburgh	2	ACC_BA25,PFC_BA9	CTL	False	M	M	False	False	False	G0097	Pittsburgh	GSM1319063	GSE54567	PFC_BA9	GSE54567	1.0	CTL	True	M	False	
D0099	GSE54567,GSE54572	Pittsburgh	2	ACC_BA25,PFC_BA9	MDD	False	M	M	False	False	False	G0098	Pittsburgh	GSM1319065	GSE54567	PFC_BA9	GSE54567	1.0	MDD	True	M	False	
D0100	GSE54567,GSE54572	Pittsburgh	2	ACC_BA25,PFC_BA9	MDD	False	M	M	False	False	False	G0099	Pittsburgh	GSM1319066	GSE54567	PFC_BA9	GSE54567	1.0	MDD	True	M	False	
D0101	GSE54567,GSE54572	Pittsburgh	2	ACC_BA25,PFC_BA9	MDD	False	M	M	False	False	False	G0100	Pittsburgh	GSM1319067	GSE54567	PFC_BA9	GSE54567	1.0	MDD	True	M	False	
D0102	GSE54567,GSE54572	Pittsburgh	2	ACC_BA25,PFC_BA9	MDD	False	M	M	False	False	False	G0101	Pittsburgh	GSM1319068	GSE54567	PFC_BA9	GSE54567	1.0	MDD	True	M	False	
D0103	GSE54567,GSE54572	Pittsburgh	2	ACC_BA25,PFC_BA9	MDD	False	M	M	False	False	False	G0102	Pittsburgh	GSM1319069	GSE54567	PFC_BA9	GSE54567	1.0	MDD	True	M	False	
D0104	GSE53987,GSE54567,GSE54572	Pittsburgh	3	ACC_BA25,PFC_BA9,STR	MDD	False	M	M	False	False	False	G0103	Pittsburgh	GSM1319070	GSE54567	PFC_BA9	GSE54567	1.0	MDD	True	M	False	
D0105	GSE54567,GSE54572	Pittsburgh	2	ACC_BA25,PFC_BA9	MDD	False	M	M	False	False	False	G0104	Pittsburgh	GSM1319071	GSE54567	PFC_BA9	GSE54567	1.0	MDD	True	M	False	
D0106	GSE54567,GSE54572	Pittsburgh	2	ACC_BA25,PFC_BA9	MDD	False	M	M	False	False	False	G0105	Pittsburgh	GSM1319072	GSE54567	PFC_BA9	GSE54567	1.0	MDD	True	M	False	
D0107	GSE54567,GSE54572	Pittsburgh	2	ACC_BA25,PFC_BA9	MDD	False	M	M	False	False	False	G0106	Pittsburgh	GSM1319073	GSE54567	PFC_BA9	GSE54567	1.0	MDD	True	M	False	
D0108	GSE54567,GSE54572	Pittsburgh	2	ACC_BA25,PFC_BA9	MDD	False	M	M	False	False	False	G0107	Pittsburgh	GSM1319074	GSE54567	PFC_BA9	GSE54567	1.0	MDD	True	M	False	
D0109	GSE53987,GSE54567,GSE54572	Pittsburgh	4	ACC_BA25,PFC_BA46,PFC_BA9,STR	MDD	False	M	M	False	False	False	G0108	Pittsburgh	GSM1304965	GSE53987	PFC_BA46	GSE53987	1.0	MDD	True	M	False	
D0110	GSE54567,GSE54572	Pittsburgh	2	ACC_BA25,PFC_BA9	MDD	False	M	M	False	False	False	G0109	Pittsburgh	GSM1319077	GSE54567	PFC_BA9	GSE54567	1.0	MDD	True	M	False	
D0111	GSE92538	Pritzker	1	PFC_DLPFC	MDD	False	M	M	False	False	False	G0110	Pritzker	GSM2431731	GSE92538	PFC_DLPFC	GSE92538_U133A	1.0	MDD	True	M	False	
D0112	GSE92538	Pritzker	1	PFC_DLPFC	CTL	False	M	M	False	False	False	G0170	Pritzker	GSM2431734	GSE92538	PFC_DLPFC	GSE92538_U133A	1.0	CTL	True	M	False	
D0113	GSE92538	Pritzker	1	PFC_DLPFC	CTL	False	F	F	False	False	False	G0111	Pritzker	GSM2431739	GSE92538	PFC_DLPFC	GSE92538_U133A	1.0	CTL	True	F	False	
D0114	GSE92538	Pritzker	1	PFC_DLPFC	CTL	False	F	F	False	False	False	G0112	Pritzker	GSM2431740	GSE92538	PFC_DLPFC	GSE92538_U133A	1.0	CTL	True	F	False	
D0115	GSE92538	Pritzker	1	PFC_DLPFC	BD	False	F	F	False	False	False	G0113	Pritzker	GSM2431822	GSE92538	PFC_DLPFC	GSE92538_U133A	1.0	BD	True	F	False	
D0116	GSE92538	Pritzker	1	PFC_DLPFC	CTL	False	M	M	False	False	False	G0114	Pritzker	GSM2431831	GSE92538	PFC_DLPFC	GSE92538_U133A	1.0	CTL	True	M	False	
D0117	GSE92538	Pritzker	1	PFC_DLPFC	CTL	False	F	F	False	False	False	G0115	Pritzker	GSM2431846	GSE92538	PFC_DLPFC	GSE92538_U133A	1.0	CTL	True	F	False	
D0118	GSE92538	Pritzker	1	PFC_DLPFC	CTL	False	F	F	False	False	False	G0116	Pritzker	GSM2431847	GSE92538	PFC_DLPFC	GSE92538_U133A	1.0	CTL	True	F	False	
D0119	GSE92538	Pritzker	1	PFC_DLPFC	CTL	False	M	M	False	False	False	G0117	Pritzker	GSM2431854	GSE92538	PFC_DLPFC	GSE92538_U133A	1.0	CTL	True	M	False	
D0120	GSE92538	Pritzker	1	PFC_DLPFC	CTL	False	F	F	False	False	False	G0118	Pritzker	GSM2431863	GSE92538	PFC_DLPFC	GSE92538_U133A	1.0	CTL	True	F	False	
D0121	GSE92538	Pritzker	1	PFC_DLPFC	BD	False	F	F	False	False	False	G0119	Pritzker	GSM2431872	GSE92538	PFC_DLPFC	GSE92538_U133A	1.0	BD	True	F	False	
D0122	GSE92538	Pritzker	1	PFC_DLPFC	MDD	False	M	M	False	False	False	G0120	Pritzker	GSM2431900	GSE92538	PFC_DLPFC	GSE92538_U133Plus2(U133Aprobes)	1.0	MDD	True	M	False	
D0123	GSE92538	Pritzker	2	PFC_DLPFC	SCZ	False	F	F	False	False	False	G0121	Pritzker	GSM2431715;GSM2431901	GSE92538	PFC_DLPFC	GSE92538_U133Plus2(U133Aprobes)	2.0	SCZ	True	F	False	
D0124	GSE92538	Pritzker	5	PFC_DLPFC	SCZ	False	M	M	False	False	False	G0122	Pritzker	GSM2431718;GSM2431882;GSM2431902	GSE92538	PFC_DLPFC	GSE92538_U133A	3.0	SCZ	True	M	False	
D0125	GSE92538	Pritzker	2	PFC_DLPFC	CTL	False	M	M	False	False	False	G0123	Pritzker	GSM2431719;GSM2431903	GSE92538	PFC_DLPFC	GSE92538_U133Plus2(U133Aprobes)	2.0	CTL	True	M	False	
D0126	GSE92538	Pritzker	1	PFC_DLPFC	BD	False	F	F	False	False	False	G0124	Pritzker	GSM2431904	GSE92538	PFC_DLPFC	GSE92538_U133Plus2(U133Aprobes)	1.0	BD	True	F	False	
D0127	GSE92538	Pritzker	2	PFC_DLPFC	CTL	False	M	LOW_BOTH,M	False	False	False	G0125	Pritzker	GSM2431720;GSM2431905	GSE92538	PFC_DLPFC	GSE92538_U133Plus2(U133Aprobes)	2.0	CTL	True	LOW_BOTH,M	False	
D0128	GSE92538	Pritzker	2	PFC_DLPFC	CTL	False	M	M	False	False	False	G0126	Pritzker	GSM2431721;GSM2431906	GSE92538	PFC_DLPFC	GSE92538_U133A	2.0	CTL	True	M	False	
D0129	GSE92538	Pritzker	1	PFC_DLPFC	MDD	False	M	M	False	False	False	G0127	Pritzker	GSM2431907	GSE92538	PFC_DLPFC	GSE92538_U133Plus2(U133Aprobes)	1.0	MDD	True	M	False	
D0130	GSE92538	Pritzker	2	PFC_DLPFC	CTL	False	F	F	False	False	False	G0128	Pritzker	GSM2431722;GSM2431908	GSE92538	PFC_DLPFC	GSE92538_U133A	2.0	CTL	True	F	False	
D0131	GSE92538	Pritzker	2	PFC_DLPFC	CTL	False	F	F	False	False	False	G0129	Pritzker	GSM2431723;GSM2431909	GSE92538	PFC_DLPFC	GSE92538_U133A	2.0	CTL	True	F	False	
D0132	GSE92538	Pritzker	2	PFC_DLPFC	CTL	False	M	M	False	False	False	G0130	Pritzker	GSM2431724;GSM2431910	GSE92538	PFC_DLPFC	GSE92538_U133Plus2(U133Aprobes)	2.0	CTL	True	M	False	
D0133	GSE92538	Pritzker	2	PFC_DLPFC	SCZ	False	M	LOW_BOTH,M	False	False	False	G0131	Pritzker	GSM2431725;GSM2431911	GSE92538	PFC_DLPFC	GSE92538_U133Plus2(U133Aprobes)	2.0	SCZ	True	LOW_BOTH,M	False	
D0134	GSE92538	Pritzker	2	PFC_DLPFC	CTL	False	M	LOW_BOTH,M	False	False	False	G0132	Pritzker	GSM2431726;GSM2431912	GSE92538	PFC_DLPFC	GSE92538_U133A	2.0	CTL	True	LOW_BOTH,M	False	
D0135	GSE92538	Pritzker	2	PFC_DLPFC	CTL	False	M	M	False	False	False	G0133	Pritzker	GSM2431727;GSM2431913	GSE92538	PFC_DLPFC	GSE92538_U133A	2.0	CTL	True	M	False	
D0136	GSE92538	Pritzker	2	PFC_DLPFC	MDD	False	M	M	False	False	False	G0134	Pritzker	GSM2431728;GSM2431914	GSE92538	PFC_DLPFC	GSE92538_U133A	2.0	MDD	True	M	False	
D0137	GSE92538	Pritzker	2	PFC_DLPFC	SCZ	False	F	F	False	False	False	G0135	Pritzker	GSM2431729;GSM2431915	GSE92538	PFC_DLPFC	GSE92538_U133Plus2(U133Aprobes)	2.0	SCZ	True	F	False	
D0138	GSE92538	Pritzker	3	PFC_DLPFC	SCZ	False	F	F	False	False	False	G0136	Pritzker	GSM2431730;GSM2431883;GSM2431916	GSE92538	PFC_DLPFC	GSE92538_U133A	3.0	SCZ	True	F	False	
D0139	GSE92538	Pritzker	2	PFC_DLPFC	BD	False	F	F	False	False	False	G0137	Pritzker	GSM2431732;GSM2431917	GSE92538	PFC_DLPFC	GSE92538_U133Plus2(U133Aprobes)	2.0	BD	True	F	False	
D0140	GSE92538	Pritzker	3	PFC_DLPFC	BD	False	M	M	False	False	False	G0138	Pritzker	GSM2431733;GSM2431918;GSM2431919	GSE92538	PFC_DLPFC	GSE92538_U133A	3.0	BD	True	M	False	
D0141	GSE92538	Pritzker	3	PFC_DLPFC	MDD	False	M	M	False	False	False	G0139	Pritzker	GSM2431735;GSM2431920;GSM2431921	GSE92538	PFC_DLPFC	GSE92538_U133A	3.0	MDD	True	M	False	
D0142	GSE92538	Pritzker	2	PFC_DLPFC	CTL	False	M	M	False	False	False	G0140	Pritzker	GSM2431736;GSM2431922	GSE92538	PFC_DLPFC	GSE92538_U133Plus2(U133Aprobes)	2.0	CTL	True	M	False	
D0143	GSE92538	Pritzker	3	PFC_DLPFC	CTL	False	M	M	False	False	False	G0141	Pritzker	GSM2431737;GSM2431923;GSM2431924	GSE92538	PFC_DLPFC	GSE92538_U133A	3.0	CTL	True	M	False	
D0144	GSE92538	Pritzker	2	PFC_DLPFC	CTL	False	M	M	False	False	False	G0142	Pritzker	GSM2431738;GSM2431926	GSE92538	PFC_DLPFC	GSE92538_U133A	2.0	CTL	True	M	False	
D0145	GSE92538	Pritzker	5	PFC_DLPFC	SCZ	False	M	M	False	False	False	G0143	Pritzker	GSM2431743;GSM2431884;GSM2431927	GSE92538	PFC_DLPFC	GSE92538_U133A	3.0	SCZ	True	M	False	
D0146	GSE92538	Pritzker	2	PFC_DLPFC	CTL	False	M	M	False	False	False	G0144	Pritzker	GSM2431744;GSM2431928	GSE92538	PFC_DLPFC	GSE92538_U133Plus2(U133Aprobes)	2.0	CTL	True	M	False	
D0147	GSE92538	Pritzker	3	PFC_DLPFC	CTL	False	F	F	False	False	False	G0145	Pritzker	GSM2431745;GSM2431885;GSM2431929	GSE92538	PFC_DLPFC	GSE92538_U133A	3.0	CTL	True	F	False	
D0148	GSE92538	Pritzker	2	PFC_DLPFC	SCZ	False	M	LOW_BOTH,M	False	False	False	G0146	Pritzker	GSM2431746;GSM2431930	GSE92538	PFC_DLPFC	GSE92538_U133Plus2(U133Aprobes)	2.0	SCZ	True	LOW_BOTH,M	False	
D0149	GSE92538	Pritzker	2	PFC_DLPFC	SCZ	False	M	LOW_BOTH,M	False	False	False	G0147	Pritzker	GSM2431747;GSM2431931	GSE92538	PFC_DLPFC	GSE92538_U133Plus2(U133Aprobes)	2.0	SCZ	True	LOW_BOTH,M	False	
D0150	GSE92538	Pritzker	1	PFC_DLPFC	CTL	False	M	M	False	False	False	G0148	Pritzker	GSM2431932	GSE92538	PFC_DLPFC	GSE92538_U133Plus2(U133Aprobes)	1.0	CTL	True	M	False	
D0151	GSE92538	Pritzker	2	PFC_DLPFC	MDD	False	M	M	False	False	False	G0149	Pritzker	GSM2431748;GSM2431933	GSE92538	PFC_DLPFC	GSE92538_U133Plus2(U133Aprobes)	2.0	MDD	True	M	False	
D0152	GSE92538	Pritzker	2	PFC_DLPFC	CTL	False	F	F	False	False	False	G0150	Pritzker	GSM2431749;GSM2431934	GSE92538	PFC_DLPFC	GSE92538_U133A	2.0	CTL	True	F	False	
D0153	GSE92538	Pritzker	2	PFC_DLPFC	CTL	False	F	F	False	False	False	G0151	Pritzker	GSM2431750;GSM2431935	GSE92538	PFC_DLPFC	GSE92538_U133A	2.0	CTL	True	F	False	
D0154	GSE92538	Pritzker	2	PFC_DLPFC	MDD	False	F	F	False	False	False	G0152	Pritzker	GSM2431751;GSM2431936	GSE92538	PFC_DLPFC	GSE92538_U133A	2.0	MDD	True	F	False	
D0155	GSE92538	Pritzker	3	PFC_DLPFC	CTL	False	M	M	False	False	False	G0215	Pritzker	GSM2431752;GSM2431886;GSM2431937	GSE92538	PFC_DLPFC	GSE92538_U133A	3.0	CTL	True	M	False	
D0156	GSE92538	Pritzker	3	PFC_DLPFC	CTL	False	M	M	False	False	False	G0153	Pritzker	GSM2431753;GSM2431938;GSM2431939	GSE92538	PFC_DLPFC	GSE92538_U133A	3.0	CTL	True	M	False	
D0157	GSE92538	Pritzker	2	PFC_DLPFC	MDD	False	M	M	False	False	False	G0154	Pritzker	GSM2431754;GSM2431940	GSE92538	PFC_DLPFC	GSE92538_U133Plus2(U133Aprobes)	2.0	MDD	True	M	False	
D0158	GSE92538	Pritzker	2	PFC_DLPFC	MDD	False	M	M	False	False	False	G0155	Pritzker	GSM2431755;GSM2431941	GSE92538	PFC_DLPFC	GSE92538_U133A	2.0	MDD	True	M	False	
D0159	GSE92538	Pritzker	2	PFC_DLPFC	CTL	False	M	M	False	False	False	G0156	Pritzker	GSM2431756;GSM2431942	GSE92538	PFC_DLPFC	GSE92538_U133A	2.0	CTL	True	M	False	
D0160	GSE92538	Pritzker	1	PFC_DLPFC	CTL	False	M	M	False	False	False	G0157	Pritzker	GSM2431943	GSE92538	PFC_DLPFC	GSE92538_U133Plus2(U133Aprobes)	1.0	CTL	True	M	False	
D0161	GSE92538	Pritzker	1	PFC_DLPFC	MDD	False	M	M	False	False	False	G0158	Pritzker	GSM2431944	GSE92538	PFC_DLPFC	GSE92538_U133Plus2(U133Aprobes)	1.0	MDD	True	M	False	
D0162	GSE92538	Pritzker	2	PFC_DLPFC	CTL	False	M	M	False	False	False	G0159	Pritzker	GSM2431757;GSM2431945	GSE92538	PFC_DLPFC	GSE92538_U133Plus2(U133Aprobes)	2.0	CTL	True	M	False	
D0163	GSE92538	Pritzker	2	PFC_DLPFC	MDD	False	M	M	False	False	False	G0160	Pritzker	GSM2431758;GSM2431946	GSE92538	PFC_DLPFC	GSE92538_U133A	2.0	MDD	True	M	False	
D0164	GSE92538	Pritzker	2	PFC_DLPFC	CTL	False	F	F	False	False	False	G0161	Pritzker	GSM2431759;GSM2431947	GSE92538	PFC_DLPFC	GSE92538_U133A	2.0	CTL	True	F	False	
D0165	GSE92538	Pritzker	2	PFC_DLPFC	CTL	False	M	M	False	False	False	G0162	Pritzker	GSM2431760;GSM2431948	GSE92538	PFC_DLPFC	GSE92538_U133Plus2(U133Aprobes)	2.0	CTL	True	M	False	
D0166	GSE92538	Pritzker	3	PFC_DLPFC	SCZ	False	F	F	False	False	False	G0163	Pritzker	GSM2431761;GSM2431887;GSM2431949	GSE92538	PFC_DLPFC	GSE92538_U133A	3.0	SCZ	True	F	False	
D0167	GSE92538	Pritzker	2	PFC_DLPFC	CTL	False	M	M	False	False	False	G0164	Pritzker	GSM2431762;GSM2431950	GSE92538	PFC_DLPFC	GSE92538_U133A	2.0	CTL	True	M	False	
D0168	GSE92538	Pritzker	2	PFC_DLPFC	MDD	False	M	M	False	False	False	G0165	Pritzker	GSM2431763;GSM2431951	GSE92538	PFC_DLPFC	GSE92538_U133A	2.0	MDD	True	M	False	
D0169	GSE92538	Pritzker	2	PFC_DLPFC	CTL	False	M	LOW_BOTH,M	False	False	False	G0166	Pritzker	GSM2431764;GSM2431952	GSE92538	PFC_DLPFC	GSE92538_U133Plus2(U133Aprobes)	2.0	CTL	True	LOW_BOTH,M	False	
D0170	GSE92538	Pritzker	1	PFC_DLPFC	BD	False	F	F	False	False	False	G0167	Pritzker	GSM2431953	GSE92538	PFC_DLPFC	GSE92538_U133Plus2(U133Aprobes)	1.0	BD	True	F	False	
D0171	GSE92538	Pritzker	2	PFC_DLPFC	CTL	False	M	M	False	False	False	G0168	Pritzker	GSM2431765;GSM2431954	GSE92538	PFC_DLPFC	GSE92538_U133A	2.0	CTL	True	M	False	
D0172	GSE92538	Pritzker	5	PFC_DLPFC	SCZ	False	M	M	False	False	False	G0169	Pritzker	GSM2431768;GSM2431888;GSM2431955	GSE92538	PFC_DLPFC	GSE92538_U133A	3.0	SCZ	True	M	False	
D0173	GSE92538	Pritzker	2	PFC_DLPFC	CTL	False	M	M	False	False	False	G0170	Pritzker	GSM2431769;GSM2431956	GSE92538	PFC_DLPFC	GSE92538_U133Plus2(U133Aprobes)	2.0	CTL	True	M	False	
D0174	GSE92538	Pritzker	1	PFC_DLPFC	SCZ	False	F	F	False	False	False	G0171	Pritzker	GSM2431957	GSE92538	PFC_DLPFC	GSE92538_U133Plus2(U133Aprobes)	1.0	SCZ	True	F	False	
D0175	GSE92538	Pritzker	2	PFC_DLPFC	MDD	False	M	M	False	False	False	G0172	Pritzker	GSM2431770;GSM2431958	GSE92538	PFC_DLPFC	GSE92538_U133Plus2(U133Aprobes)	2.0	MDD	True	M	False	
D0176	GSE92538	Pritzker	1	PFC_DLPFC	MDD	False	M	M	False	False	False	G0173	Pritzker	GSM2431959	GSE92538	PFC_DLPFC	GSE92538_U133Plus2(U133Aprobes)	1.0	MDD	True	M	False	
D0177	GSE92538	Pritzker	3	PFC_DLPFC	CTL	False	M	F,M	True	True	False	G0174	Pritzker	GSM2431772;GSM2431961;GSM2431962	GSE92538	PFC_DLPFC	GSE92538_U133A	3.0	CTL	True	F,M	True	expression sex F,M vs reported M; samples of this donor show both sexes
D0178	GSE92538	Pritzker	1	PFC_DLPFC	SCZ	False	M	M	False	False	False	G0175	Pritzker	GSM2431963	GSE92538	PFC_DLPFC	GSE92538_U133Plus2(U133Aprobes)	1.0	SCZ	True	M	False	
D0179	GSE92538	Pritzker	2	PFC_DLPFC	BD	False	M	M	False	False	False	G0176	Pritzker	GSM2431773;GSM2431964	GSE92538	PFC_DLPFC	GSE92538_U133A	2.0	BD	True	M	False	
D0180	GSE92538	Pritzker	5	PFC_DLPFC	CTL	False	M	M	False	False	False	G0177	Pritzker	GSM2431776;GSM2431889;GSM2431965	GSE92538	PFC_DLPFC	GSE92538_U133A	3.0	CTL	True	M	False	
D0181	GSE92538	Pritzker	2	PFC_DLPFC	BD	False	M	M	False	False	False	G0178	Pritzker	GSM2431777;GSM2431966	GSE92538	PFC_DLPFC	GSE92538_U133A	2.0	BD	True	M	False	
D0182	GSE92538	Pritzker	5	PFC_DLPFC	SCZ	False	M	M	False	False	False	G0179	Pritzker	GSM2431780;GSM2431890;GSM2431967	GSE92538	PFC_DLPFC	GSE92538_U133A	3.0	SCZ	True	M	False	
D0183	GSE92538	Pritzker	2	PFC_DLPFC	SCZ	False	F	F	False	False	False	G0180	Pritzker	GSM2431781;GSM2431968	GSE92538	PFC_DLPFC	GSE92538_U133Plus2(U133Aprobes)	2.0	SCZ	True	F	False	
D0184	GSE92538	Pritzker	2	PFC_DLPFC	MDD	False	M	M	False	False	False	G0181	Pritzker	GSM2431782;GSM2431969	GSE92538	PFC_DLPFC	GSE92538_U133Plus2(U133Aprobes)	2.0	MDD	True	M	False	
D0185	GSE92538	Pritzker	1	PFC_DLPFC	MDD	False	M	M	False	False	False	G0182	Pritzker	GSM2431970	GSE92538	PFC_DLPFC	GSE92538_U133Plus2(U133Aprobes)	1.0	MDD	True	M	False	
D0186	GSE92538	Pritzker	1	PFC_DLPFC	MDD	False	F	F	False	False	False	G0183	Pritzker	GSM2431971	GSE92538	PFC_DLPFC	GSE92538_U133Plus2(U133Aprobes)	1.0	MDD	True	F	False	
D0187	GSE92538	Pritzker	3	PFC_DLPFC	SCZ	False	M	M	False	False	False	G0184	Pritzker	GSM2431783;GSM2431891;GSM2431972	GSE92538	PFC_DLPFC	GSE92538_U133A	3.0	SCZ	True	M	False	
D0188	GSE92538	Pritzker	2	PFC_DLPFC	CTL	False	F	F,LOW_BOTH	False	False	False	G0185	Pritzker	GSM2431784;GSM2431973	GSE92538	PFC_DLPFC	GSE92538_U133A	2.0	CTL	True	F,LOW_BOTH	False	
D0189	GSE92538	Pritzker	2	PFC_DLPFC	BD	False	F	F	False	False	False	G0186	Pritzker	GSM2431785;GSM2431974	GSE92538	PFC_DLPFC	GSE92538_U133A	2.0	BD	True	F	False	
D0190	GSE92538	Pritzker	3	PFC_DLPFC	BD	False	F	F,M	True	True	False	G0187	Pritzker	GSM2431786;GSM2431975;GSM2431976	GSE92538	PFC_DLPFC	GSE92538_U133A	3.0	BD	True	F,M	True	expression sex F,M vs reported F; samples of this donor show both sexes
D0191	GSE92538	Pritzker	2	PFC_DLPFC	MDD	False	M	M	False	False	False	G0188	Pritzker	GSM2431787;GSM2431977	GSE92538	PFC_DLPFC	GSE92538_U133A	2.0	MDD	True	M	False	
D0192	GSE92538	Pritzker	2	PFC_DLPFC	MDD	False	F	F	False	False	False	G0189	Pritzker	GSM2431788;GSM2431978	GSE92538	PFC_DLPFC	GSE92538_U133A	2.0	MDD	True	F	False	
D0193	GSE92538	Pritzker	3	PFC_DLPFC	CTL	False	F	F	False	False	False	G0190	Pritzker	GSM2431789;GSM2431979;GSM2431980	GSE92538	PFC_DLPFC	GSE92538_U133A	3.0	CTL	True	F	False	
D0194	GSE92538	Pritzker	2	PFC_DLPFC	CTL	False	M	M	False	False	False	G0191	Pritzker	GSM2431790;GSM2431981	GSE92538	PFC_DLPFC	GSE92538_U133A	2.0	CTL	True	M	False	
D0195	GSE92538	Pritzker	2	PFC_DLPFC	CTL	False	M	M	False	False	False	G0192	Pritzker	GSM2431791;GSM2431982	GSE92538	PFC_DLPFC	GSE92538_U133A	2.0	CTL	True	M	False	
D0196	GSE92538	Pritzker	2	PFC_DLPFC	MDD	False	M	M	False	False	False	G0193	Pritzker	GSM2431792;GSM2431983	GSE92538	PFC_DLPFC	GSE92538_U133A	2.0	MDD	True	M	False	
D0197	GSE92538	Pritzker	2	PFC_DLPFC	BD	False	M	M	False	False	False	G0194	Pritzker	GSM2431793;GSM2431984	GSE92538	PFC_DLPFC	GSE92538_U133Plus2(U133Aprobes)	2.0	BD	True	M	False	
D0198	GSE92538	Pritzker	1	PFC_DLPFC	CTL	False	M	M	False	False	False	G0195	Pritzker	GSM2431985	GSE92538	PFC_DLPFC	GSE92538_U133Plus2(U133Aprobes)	1.0	CTL	True	M	False	
D0199	GSE92538	Pritzker	2	PFC_DLPFC	BD	False	M	M	False	False	False	G0196	Pritzker	GSM2431794;GSM2431986	GSE92538	PFC_DLPFC	GSE92538_U133A	2.0	BD	True	M	False	
D0200	GSE92538	Pritzker	2	PFC_DLPFC	MDD	False	F	F	False	False	False	G0197	Pritzker	GSM2431795;GSM2431987	GSE92538	PFC_DLPFC	GSE92538_U133A	2.0	MDD	True	F	False	
D0201	GSE92538	Pritzker	2	PFC_DLPFC	CTL	False	M	M	False	False	False	G0198	Pritzker	GSM2431796;GSM2431988	GSE92538	PFC_DLPFC	GSE92538_U133A	2.0	CTL	True	M	False	
D0202	GSE92538	Pritzker	2	PFC_DLPFC	CTL	False	M	M	False	False	False	G0199	Pritzker	GSM2431797;GSM2431989	GSE92538	PFC_DLPFC	GSE92538_U133A	2.0	CTL	True	M	False	
D0203	GSE92538	Pritzker	2	PFC_DLPFC	BD	False	F	F	False	False	False	G0200	Pritzker	GSM2431798;GSM2431990	GSE92538	PFC_DLPFC	GSE92538_U133Plus2(U133Aprobes)	2.0	BD	True	F	False	
D0204	GSE92538	Pritzker	2	PFC_DLPFC	CTL	False	F	F	False	False	False	G0201	Pritzker	GSM2431799;GSM2431991	GSE92538	PFC_DLPFC	GSE92538_U133Plus2(U133Aprobes)	2.0	CTL	True	F	False	
D0205	GSE92538	Pritzker	2	PFC_DLPFC	BD	False	F	F	False	False	False	G0202	Pritzker	GSM2431800;GSM2431992	GSE92538	PFC_DLPFC	GSE92538_U133A	2.0	BD	True	F	False	
D0206	GSE92538	Pritzker	3	PFC_DLPFC	CTL	False	M	M	False	False	False	G0203	Pritzker	GSM2431801;GSM2431993;GSM2431994	GSE92538	PFC_DLPFC	GSE92538_U133A	3.0	CTL	True	M	False	
D0207	GSE92538	Pritzker	2	PFC_DLPFC	MDD	False	M	M	False	False	False	G0204	Pritzker	GSM2431802;GSM2431995	GSE92538	PFC_DLPFC	GSE92538_U133Plus2(U133Aprobes)	2.0	MDD	True	M	False	
D0208	GSE92538	Pritzker	2	PFC_DLPFC	CTL	False	M	M	False	False	False	G0205	Pritzker	GSM2431803;GSM2431996	GSE92538	PFC_DLPFC	GSE92538_U133A	2.0	CTL	True	M	False	
D0209	GSE92538	Pritzker	2	PFC_DLPFC	CTL	False	F	F	False	False	False	G0206	Pritzker	GSM2431804;GSM2431997	GSE92538	PFC_DLPFC	GSE92538_U133A	2.0	CTL	True	F	False	
D0210	GSE92538	Pritzker	2	PFC_DLPFC	CTL	False	M	M	False	False	False	G0207	Pritzker	GSM2431805;GSM2431998	GSE92538	PFC_DLPFC	GSE92538_U133Plus2(U133Aprobes)	2.0	CTL	True	M	False	
D0211	GSE92538	Pritzker	2	PFC_DLPFC	CTL	False	M	M	False	False	False	G0208	Pritzker	GSM2431806;GSM2431999	GSE92538	PFC_DLPFC	GSE92538_U133Plus2(U133Aprobes)	2.0	CTL	True	M	False	
D0212	GSE92538	Pritzker	1	PFC_DLPFC	SCZ	False	M	M	False	False	False	G0209	Pritzker	GSM2432000	GSE92538	PFC_DLPFC	GSE92538_U133Plus2(U133Aprobes)	1.0	SCZ	True	M	False	
D0213	GSE92538	Pritzker	2	PFC_DLPFC	MDD	False	F	F	False	False	False	G0210	Pritzker	GSM2431807;GSM2432001	GSE92538	PFC_DLPFC	GSE92538_U133A	2.0	MDD	True	F	False	
D0214	GSE92538	Pritzker	2	PFC_DLPFC	CTL	False	F	F	False	False	False	G0211	Pritzker	GSM2431808;GSM2432002	GSE92538	PFC_DLPFC	GSE92538_U133Plus2(U133Aprobes)	2.0	CTL	True	F	False	
D0215	GSE92538	Pritzker	5	PFC_DLPFC	CTL	False	M	M	False	False	False	G0212	Pritzker	GSM2431810;GSM2431811;GSM2431892;GSM2432003	GSE92538	PFC_DLPFC	GSE92538_U133A	4.0	CTL	True	M	False	
D0216	GSE92538	Pritzker	2	PFC_DLPFC	MDD	False	M	M	False	False	False	G0213	Pritzker	GSM2431812;GSM2432004	GSE92538	PFC_DLPFC	GSE92538_U133A	2.0	MDD	True	M	False	
D0217	GSE92538	Pritzker	1	PFC_DLPFC	CTL	False	M	M	False	False	False	G0214	Pritzker	GSM2432005	GSE92538	PFC_DLPFC	GSE92538_U133Plus2(U133Aprobes)	1.0	CTL	True	M	False	
D0218	GSE92538	Pritzker	2	PFC_DLPFC	CTL	False	M	M	False	False	False	G0215	Pritzker	GSM2431813;GSM2432006	GSE92538	PFC_DLPFC	GSE92538_U133A	2.0	CTL	True	M	False	
D0219	GSE92538	Pritzker	3	PFC_DLPFC	MDD	False	F	F	False	False	False	G0216	Pritzker	GSM2431814;GSM2432007;GSM2432008	GSE92538	PFC_DLPFC	GSE92538_U133A	3.0	MDD	True	F	False	
D0220	GSE92538	Pritzker	3	PFC_DLPFC	SCZ	False	M	M	False	False	False	G0217	Pritzker	GSM2431815;GSM2431893;GSM2432009	GSE92538	PFC_DLPFC	GSE92538_U133A	3.0	SCZ	True	M	False	
D0221	GSE92538	Pritzker	2	PFC_DLPFC	SCZ	False	M	LOW_BOTH,M	False	False	False	G0218	Pritzker	GSM2431816;GSM2432010	GSE92538	PFC_DLPFC	GSE92538_U133Plus2(U133Aprobes)	2.0	SCZ	True	LOW_BOTH,M	False	
D0222	GSE92538	Pritzker	5	PFC_DLPFC	CTL	False	M	M	False	False	False	G0219	Pritzker	GSM2431819;GSM2431894;GSM2432011	GSE92538	PFC_DLPFC	GSE92538_U133A	3.0	CTL	True	M	False	
D0223	GSE92538	Pritzker	2	PFC_DLPFC	BD	False	F	F	False	False	False	G0220	Pritzker	GSM2431820;GSM2432012	GSE92538	PFC_DLPFC	GSE92538_U133A	2.0	BD	True	F	False	
D0224	GSE92538	Pritzker	2	PFC_DLPFC	CTL	False	M	M	False	False	False	G0221	Pritzker	GSM2431821;GSM2432013	GSE92538	PFC_DLPFC	GSE92538_U133A	2.0	CTL	True	M	False	
D0225	GSE92538	Pritzker	2	PFC_DLPFC	SCZ	False	M	M	False	False	False	G0222	Pritzker	GSM2431823;GSM2432014	GSE92538	PFC_DLPFC	GSE92538_U133Plus2(U133Aprobes)	2.0	SCZ	True	M	False	
D0226	GSE92538	Pritzker	3	PFC_DLPFC	CTL	False	M	M	False	False	False	G0223	Pritzker	GSM2431824;GSM2432015;GSM2432016	GSE92538	PFC_DLPFC	GSE92538_U133A	3.0	CTL	True	M	False	
D0227	GSE92538	Pritzker	2	PFC_DLPFC	SCZ	False	M	M	False	False	False	G0224	Pritzker	GSM2431825;GSM2432017	GSE92538	PFC_DLPFC	GSE92538_U133Plus2(U133Aprobes)	2.0	SCZ	True	M	False	
D0228	GSE92538	Pritzker	2	PFC_DLPFC	CTL	False	M	M	False	False	False	G0225	Pritzker	GSM2431826;GSM2432018	GSE92538	PFC_DLPFC	GSE92538_U133Plus2(U133Aprobes)	2.0	CTL	True	M	False	
D0229	GSE92538	Pritzker	2	PFC_DLPFC	BD	False	M	M	False	False	False	G0226	Pritzker	GSM2431827;GSM2432019	GSE92538	PFC_DLPFC	GSE92538_U133A	2.0	BD	True	M	False	
D0230	GSE92538	Pritzker	2	PFC_DLPFC	MDD	False	M	M	False	False	False	G0227	Pritzker	GSM2431828;GSM2432020	GSE92538	PFC_DLPFC	GSE92538_U133A	2.0	MDD	True	M	False	
D0231	GSE92538	Pritzker	2	PFC_DLPFC	CTL	False	M	M	False	False	False	G0228	Pritzker	GSM2431829;GSM2432021	GSE92538	PFC_DLPFC	GSE92538_U133Plus2(U133Aprobes)	2.0	CTL	True	M	False	
D0232	GSE92538	Pritzker	2	PFC_DLPFC	BD	False	M	M	False	False	False	G0229	Pritzker	GSM2431830;GSM2432022	GSE92538	PFC_DLPFC	GSE92538_U133A	2.0	BD	True	M	False	
D0233	GSE92538	Pritzker	2	PFC_DLPFC	MDD	False	M	M	False	False	False	G0230	Pritzker	GSM2431832;GSM2432023	GSE92538	PFC_DLPFC	GSE92538_U133A	2.0	MDD	True	M	False	
D0234	GSE92538	Pritzker	2	PFC_DLPFC	CTL	False	M	M	False	False	False	G0231	Pritzker	GSM2431833;GSM2432024	GSE92538	PFC_DLPFC	GSE92538_U133A	2.0	CTL	True	M	False	
D0235	GSE92538	Pritzker	2	PFC_DLPFC	CTL	False	F	F	False	False	False	G0232	Pritzker	GSM2431834;GSM2432025	GSE92538	PFC_DLPFC	GSE92538_U133A	2.0	CTL	True	F	False	
D0236	GSE92538	Pritzker	3	PFC_DLPFC	MDD	False	M	M	False	False	False	G0233	Pritzker	GSM2431835;GSM2432026;GSM2432027	GSE92538	PFC_DLPFC	GSE92538_U133A	3.0	MDD	True	M	False	
D0237	GSE92538	Pritzker	2	PFC_DLPFC	CTL	False	F	F	False	False	False	G0234	Pritzker	GSM2431836;GSM2432028	GSE92538	PFC_DLPFC	GSE92538_U133A	2.0	CTL	True	F	False	
D0238	GSE92538	Pritzker	2	PFC_DLPFC	CTL	False	M	M	False	False	False	G0235	Pritzker	GSM2431837;GSM2432029	GSE92538	PFC_DLPFC	GSE92538_U133Plus2(U133Aprobes)	2.0	CTL	True	M	False	
D0239	GSE92538	Pritzker	5	PFC_DLPFC	BD,CTL	True	M	M	False	False	False	G0236	Pritzker	GSM2431771;GSM2431838;GSM2431960;GSM2432030;GSM2432031	GSE92538	PFC_DLPFC	GSE92538_U133A	5.0	UNRESOLVABLE	False	M	True	identity match to a sample with a different diagnosis (BD,CTL)
D0240	GSE92538	Pritzker	2	PFC_DLPFC	BD	False	M	M	False	False	False	G0237	Pritzker	GSM2431839;GSM2432032	GSE92538	PFC_DLPFC	GSE92538_U133A	2.0	BD	True	M	False	
D0241	GSE92538	Pritzker	2	PFC_DLPFC	MDD	False	M	M	False	False	False	G0238	Pritzker	GSM2431840;GSM2432033	GSE92538	PFC_DLPFC	GSE92538_U133A	2.0	MDD	True	M	False	
D0242	GSE92538	Pritzker	2	PFC_DLPFC	BD	False	F	F	False	False	False	G0239	Pritzker	GSM2431841;GSM2432034	GSE92538	PFC_DLPFC	GSE92538_U133A	2.0	BD	True	F	False	
D0243	GSE92538	Pritzker	3	PFC_DLPFC	MDD	False	M	M	False	False	False	G0240	Pritzker	GSM2431842;GSM2432035;GSM2432036	GSE92538	PFC_DLPFC	GSE92538_U133A	3.0	MDD	True	M	False	
D0244	GSE92538	Pritzker	2	PFC_DLPFC	MDD	False	F	F	False	False	False	G0241	Pritzker	GSM2431843;GSM2432037	GSE92538	PFC_DLPFC	GSE92538_U133Plus2(U133Aprobes)	2.0	MDD	True	F	False	
D0245	GSE92538	Pritzker	3	PFC_DLPFC	CTL	False	F	F	False	False	False	G0242	Pritzker	GSM2431844;GSM2431895;GSM2432038	GSE92538	PFC_DLPFC	GSE92538_U133A	3.0	CTL	True	F	False	
D0246	GSE92538	Pritzker	2	PFC_DLPFC	CTL	False	M	LOW_BOTH,M	False	False	False	G0243	Pritzker	GSM2431845;GSM2432039	GSE92538	PFC_DLPFC	GSE92538_U133Plus2(U133Aprobes)	2.0	CTL	True	LOW_BOTH,M	False	
D0247	GSE92538	Pritzker	1	PFC_DLPFC	CTL	False	M	M	False	False	False	G0244	Pritzker	GSM2432040	GSE92538	PFC_DLPFC	GSE92538_U133Plus2(U133Aprobes)	1.0	CTL	True	M	False	
D0248	GSE92538	Pritzker	2	PFC_DLPFC	CTL	False	M	LOW_BOTH,M	False	False	False	G0245	Pritzker	GSM2431848;GSM2432041	GSE92538	PFC_DLPFC	GSE92538_U133Plus2(U133Aprobes)	2.0	CTL	True	LOW_BOTH,M	False	
D0249	GSE92538	Pritzker	2	PFC_DLPFC	BD	False	M	M	False	False	False	G0246	Pritzker	GSM2431849;GSM2432042	GSE92538	PFC_DLPFC	GSE92538_U133Plus2(U133Aprobes)	2.0	BD	True	M	False	
D0250	GSE92538	Pritzker	3	PFC_DLPFC	BD	False	M	M	False	False	False	G0247	Pritzker	GSM2431850;GSM2432043;GSM2432044	GSE92538	PFC_DLPFC	GSE92538_U133A	3.0	BD	True	M	False	
D0251	GSE92538	Pritzker	1	PFC_DLPFC	CTL	False	M	M	False	False	False	G0248	Pritzker	GSM2432045	GSE92538	PFC_DLPFC	GSE92538_U133Plus2(U133Aprobes)	1.0	CTL	True	M	False	
D0252	GSE92538	Pritzker	2	PFC_DLPFC	CTL	False	M	M	False	False	False	G0249	Pritzker	GSM2431851;GSM2432046	GSE92538	PFC_DLPFC	GSE92538_U133A	2.0	CTL	True	M	False	
D0253	GSE92538	Pritzker	2	PFC_DLPFC	CTL	False	M	LOW_BOTH,M	False	False	False	G0250	Pritzker	GSM2431852;GSM2432047	GSE92538	PFC_DLPFC	GSE92538_U133Plus2(U133Aprobes)	2.0	CTL	True	LOW_BOTH,M	False	
D0254	GSE92538	Pritzker	2	PFC_DLPFC	BD	False	M	M	False	False	False	G0251	Pritzker	GSM2431853;GSM2432048	GSE92538	PFC_DLPFC	GSE92538_U133Plus2(U133Aprobes)	2.0	BD	True	M	False	
D0255	GSE92538	Pritzker	3	PFC_DLPFC	SCZ	False	F	F	False	False	False	G0252	Pritzker	GSM2431855;GSM2431896;GSM2432049	GSE92538	PFC_DLPFC	GSE92538_U133A	3.0	SCZ	True	F	False	
D0256	GSE92538	Pritzker	2	PFC_DLPFC	CTL	False	M	M	False	False	False	G0253	Pritzker	GSM2431856;GSM2432050	GSE92538	PFC_DLPFC	GSE92538_U133A	2.0	CTL	True	M	False	
D0257	GSE92538	Pritzker	2	PFC_DLPFC	CTL	False	F	F	False	False	False	G0254	Pritzker	GSM2431857;GSM2432051	GSE92538	PFC_DLPFC	GSE92538_U133A	2.0	CTL	True	F	False	
D0258	GSE92538	Pritzker	2	PFC_DLPFC	MDD	False	F	F	False	False	False	G0255	Pritzker	GSM2431858;GSM2432052	GSE92538	PFC_DLPFC	GSE92538_U133Plus2(U133Aprobes)	2.0	MDD	True	F	False	
D0259	GSE92538	Pritzker	2	PFC_DLPFC	CTL	False	M	M	False	False	False	G0256	Pritzker	GSM2431859;GSM2432053	GSE92538	PFC_DLPFC	GSE92538_U133A	2.0	CTL	True	M	False	
D0260	GSE92538	Pritzker	1	PFC_DLPFC	CTL	False	M	M	False	False	False	G0257	Pritzker	GSM2432055	GSE92538	PFC_DLPFC	GSE92538_U133Plus2(U133Aprobes)	1.0	CTL	True	M	False	
D0261	GSE92538	Pritzker	2	PFC_DLPFC	CTL	False	F	F	False	False	False	G0258	Pritzker	GSM2431860;GSM2432056	GSE92538	PFC_DLPFC	GSE92538_U133A	2.0	CTL	True	F	False	
D0262	GSE92538	Pritzker	3	PFC_DLPFC	BD	False	M	M	False	False	False	G0259	Pritzker	GSM2431861;GSM2432057;GSM2432059	GSE92538	PFC_DLPFC	GSE92538_U133A	3.0	BD	True	M	False	
D0263	GSE92538	Pritzker	3	PFC_DLPFC	CTL	False	M	M	False	False	False	G0260	Pritzker	GSM2431862;GSM2432061;GSM2432062	GSE92538	PFC_DLPFC	GSE92538_U133A	3.0	CTL	True	M	False	
D0264	GSE92538	Pritzker	2	PFC_DLPFC	CTL	False	F	F	False	False	False	G0261	Pritzker	GSM2431864;GSM2432064	GSE92538	PFC_DLPFC	GSE92538_U133Plus2(U133Aprobes)	2.0	CTL	True	F	False	
D0265	GSE92538	Pritzker	2	PFC_DLPFC	MDD	False	M	M	False	False	False	G0262	Pritzker	GSM2431925;GSM2432065	GSE92538	PFC_DLPFC	GSE92538_U133Plus2(U133Aprobes)	2.0	MDD	True	M	False	
D0266	GSE92538	Pritzker	2	PFC_DLPFC	CTL	False	M	M	False	False	False	G0263	Pritzker	GSM2431865;GSM2432067	GSE92538	PFC_DLPFC	GSE92538_U133A	2.0	CTL	True	M	False	
D0267	GSE92538	Pritzker	2	PFC_DLPFC	MDD	False	M	M	False	False	False	G0264	Pritzker	GSM2431866;GSM2432068	GSE92538	PFC_DLPFC	GSE92538_U133Plus2(U133Aprobes)	2.0	MDD	True	M	False	
D0268	GSE92538	Pritzker	2	PFC_DLPFC	MDD	False	M	M	False	False	False	G0265	Pritzker	GSM2431867;GSM2432070	GSE92538	PFC_DLPFC	GSE92538_U133Plus2(U133Aprobes)	2.0	MDD	True	M	False	
D0269	GSE92538	Pritzker	2	PFC_DLPFC	SCZ	False	M	LOW_BOTH,M	False	False	False	G0266	Pritzker	GSM2431868;GSM2432071	GSE92538	PFC_DLPFC	GSE92538_U133Plus2(U133Aprobes)	2.0	SCZ	True	LOW_BOTH,M	False	
D0270	GSE92538	Pritzker	2	PFC_DLPFC	BD	False	F	F	False	False	False	G0267	Pritzker	GSM2431869;GSM2432072	GSE92538	PFC_DLPFC	GSE92538_U133A	2.0	BD	True	F	False	
D0271	GSE92538	Pritzker	3	PFC_DLPFC	CTL	False	M	M	False	False	False	G0268	Pritzker	GSM2431870;GSM2431897;GSM2432073	GSE92538	PFC_DLPFC	GSE92538_U133A	3.0	CTL	True	M	False	
D0272	GSE92538	Pritzker	2	PFC_DLPFC	MDD	False	M	M	False	False	False	G0269	Pritzker	GSM2431871;GSM2432075	GSE92538	PFC_DLPFC	GSE92538_U133A	2.0	MDD	True	M	False	
D0273	GSE92538	Pritzker	1	PFC_DLPFC	MDD	False	M	M	False	False	False	G0270	Pritzker	GSM2432077	GSE92538	PFC_DLPFC	GSE92538_U133Plus2(U133Aprobes)	1.0	MDD	True	M	False	
D0274	GSE92538	Pritzker	5	PFC_DLPFC	CTL	False	M	M	False	False	False	G0271	Pritzker	GSM2431875;GSM2431898;GSM2432080	GSE92538	PFC_DLPFC	GSE92538_U133A	3.0	CTL	True	M	False	
D0275	GSE92538	Pritzker	2	PFC_DLPFC	MDD	False	M	M	False	False	False	G0272	Pritzker	GSM2431876;GSM2432081	GSE92538	PFC_DLPFC	GSE92538_U133Plus2(U133Aprobes)	2.0	MDD	True	M	False	
D0276	GSE92538	Pritzker	2	PFC_DLPFC	CTL	False	M	M	False	False	False	G0273	Pritzker	GSM2431877;GSM2432083	GSE92538	PFC_DLPFC	GSE92538_U133Plus2(U133Aprobes)	2.0	CTL	True	M	False	
D0277	GSE92538	Pritzker	2	PFC_DLPFC	MDD	False	M	M	False	False	False	G0274	Pritzker	GSM2431878;GSM2432085	GSE92538	PFC_DLPFC	GSE92538_U133A	2.0	MDD	True	M	False	
D0278	GSE92538	Pritzker	2	PFC_DLPFC	MDD	False	M	M	False	False	False	G0275	Pritzker	GSM2431879;GSM2432086	GSE92538	PFC_DLPFC	GSE92538_U133A	2.0	MDD	True	M	False	
D0279	GSE92538	Pritzker	3	PFC_DLPFC	BD	False	M	M	False	False	False	G0276	Pritzker	GSM2431880;GSM2432088;GSM2432090	GSE92538	PFC_DLPFC	GSE92538_U133A	3.0	BD	True	M	False	
D0280	GSE92538	Pritzker	3	PFC_DLPFC	CTL	False	F	F	False	False	False	G0277	Pritzker	GSM2431881;GSM2431899;GSM2432092	GSE92538	PFC_DLPFC	GSE92538_U133A	3.0	CTL	True	F	False	
D0281	GSE12649	Stanley	1	PFC_BA46	SCZ	False		M	False	False	False	G0402	Stanley							False		False	
D0282	GSE12649	Stanley	1	PFC_BA46	BD	False		F	False	False	False	G0481	Stanley							False		False	
D0283	GSE12649	Stanley	1	PFC_BA46	CTL	False		M	False	False	False	G0470	Stanley							False		False	
D0284	GSE12649	Stanley	1	PFC_BA46	BD	False		F	False	False	False	G0467	Stanley							False		False	
D0285	GSE12649	Stanley	1	PFC_BA46	BD	False		M	False	False	False	G0278	Stanley							False		False	
D0286	GSE12649	Stanley	1	PFC_BA46	BD	False		F	False	False	False	G0447	Stanley							False		False	
D0287	GSE12649	Stanley	1	PFC_BA46	BD	False		M	False	False	False	G0279	Stanley							False		False	
D0288	GSE12649	Stanley	1	PFC_BA46	CTL	False		M	False	False	False	G0440	Stanley							False		False	
D0289	GSE12649	Stanley	1	PFC_BA46	BD	False		F	False	False	False	G0280	Stanley							False		False	
D0290	GSE12649	Stanley	1	PFC_BA46	BD	False		F	False	False	False	G0281	Stanley							False		False	
D0291	GSE12649	Stanley	1	PFC_BA46	CTL	False		M	False	False	False	G0282	Stanley							False		False	
D0292	GSE12649	Stanley	1	PFC_BA46	BD	False		M	False	False	False	G0422	Stanley							False		False	
D0293	GSE12649	Stanley	1	PFC_BA46	CTL	False		M	False	False	False	G0283	Stanley							False		False	
D0294	GSE12649	Stanley	1	PFC_BA46	CTL	False		M	False	False	False	G0284	Stanley							False		False	
D0295	GSE12649	Stanley	1	PFC_BA46	SCZ	False		M	False	False	False	G0414	Stanley							False		False	
D0296	GSE12649	Stanley	1	PFC_BA46	SCZ	False		F	False	False	False	G0495	Stanley							False		False	
D0297	GSE12649	Stanley	1	PFC_BA46	SCZ	False		M	False	False	False	G0285	Stanley							False		False	
D0298	GSE12649	Stanley	1	PFC_BA46	CTL	False		M	False	False	False	G0286	Stanley							False		False	
D0299	GSE12649	Stanley	2	PFC_BA46	CTL,SCZ	True		M	False	False	False	G0287	Stanley							False		True	identity match to a sample with a different diagnosis (CTL,SCZ)
D0300	GSE12649	Stanley	1	PFC_BA46	CTL	False		M	False	False	False	G0441	Stanley							False		False	
D0301	GSE12649	Stanley	1	PFC_BA46	BD	False		M	False	False	False	G0288	Stanley							False		False	
D0302	GSE12649	Stanley	1	PFC_BA46	CTL	False		M	False	False	False	G0289	Stanley							False		False	
D0303	GSE12649	Stanley	1	PFC_BA46	CTL	False		F	False	False	False	G0290	Stanley							False		False	
D0304	GSE17612	CharingCross	1	PFC_BA10	SCZ	False	M	M	False	False	False	G0291	CharingCross	GSM439778	GSE17612	PFC_BA10	GSE17612	1.0	SCZ	True	M	False	
D0305	GSE17612	CharingCross	1	PFC_BA10	CTL	False	M	M	False	False	False	G0292	CharingCross	GSM439779	GSE17612	PFC_BA10	GSE17612	1.0	CTL	True	M	False	
D0306	GSE17612	CharingCross	1	PFC_BA10	CTL	False	F	F	False	False	False	G0293	CharingCross	GSM439780	GSE17612	PFC_BA10	GSE17612	1.0	CTL	True	F	False	
D0307	GSE17612	CharingCross	1	PFC_BA10	SCZ	False	F	F	False	False	False	G0294	CharingCross	GSM439781	GSE17612	PFC_BA10	GSE17612	1.0	SCZ	True	F	False	
D0308	GSE17612	CharingCross	1	PFC_BA10	CTL	False	M	M	False	False	False	G0295	CharingCross	GSM439782	GSE17612	PFC_BA10	GSE17612	1.0	CTL	True	M	False	
D0309	GSE17612	CharingCross	1	PFC_BA10	CTL	False	F	F	False	False	False	G0296	CharingCross	GSM439783	GSE17612	PFC_BA10	GSE17612	1.0	CTL	True	F	False	
D0310	GSE17612	CharingCross	1	PFC_BA10	SCZ	False	M	M	False	False	False	G0297	CharingCross	GSM439784	GSE17612	PFC_BA10	GSE17612	1.0	SCZ	True	M	False	
D0311	GSE17612	CharingCross	1	PFC_BA10	SCZ	False	M	M	False	False	False	G0298	CharingCross	GSM439785	GSE17612	PFC_BA10	GSE17612	1.0	SCZ	True	M	False	
D0312	GSE17612	CharingCross	1	PFC_BA10	SCZ	False	M	M	False	False	False	G0299	CharingCross	GSM439786	GSE17612	PFC_BA10	GSE17612	1.0	SCZ	True	M	False	
D0313	GSE17612	CharingCross	1	PFC_BA10	CTL	False	F	F	False	False	False	G0300	CharingCross	GSM439787	GSE17612	PFC_BA10	GSE17612	1.0	CTL	True	F	False	
D0314	GSE17612	CharingCross	1	PFC_BA10	CTL	False		M	False	False	False	G0301	CharingCross	GSM439788	GSE17612	PFC_BA10	GSE17612	1.0	CTL	True	M	False	
D0315	GSE17612	CharingCross	1	PFC_BA10	CTL	False	M	M	False	False	False	G0302	CharingCross	GSM439789	GSE17612	PFC_BA10	GSE17612	1.0	CTL	True	M	False	
D0316	GSE17612	CharingCross	1	PFC_BA10	SCZ	False	F	F	False	False	False	G0303	CharingCross	GSM439790	GSE17612	PFC_BA10	GSE17612	1.0	SCZ	True	F	False	
D0317	GSE17612	CharingCross	1	PFC_BA10	SCZ	False	M	M	False	False	False	G0304	CharingCross	GSM439791	GSE17612	PFC_BA10	GSE17612	1.0	SCZ	True	M	False	
D0318	GSE17612	CharingCross	1	PFC_BA10	CTL	False	F	F	False	False	False	G0305	CharingCross	GSM439792	GSE17612	PFC_BA10	GSE17612	1.0	CTL	True	F	False	
D0319	GSE17612	CharingCross	1	PFC_BA10	CTL	False	M	M	False	False	False	G0306	CharingCross	GSM439793	GSE17612	PFC_BA10	GSE17612	1.0	CTL	True	M	False	
D0320	GSE17612	CharingCross	1	PFC_BA10	SCZ	False	M	M	False	False	False	G0307	CharingCross	GSM439794	GSE17612	PFC_BA10	GSE17612	1.0	SCZ	True	M	False	
D0321	GSE17612	CharingCross	1	PFC_BA10	SCZ	False	F	F	False	False	False	G0308	CharingCross	GSM439795	GSE17612	PFC_BA10	GSE17612	1.0	SCZ	True	F	False	
D0322	GSE17612	CharingCross	1	PFC_BA10	SCZ	False	M	M	False	False	False	G0309	CharingCross	GSM439796	GSE17612	PFC_BA10	GSE17612	1.0	SCZ	True	M	False	
D0323	GSE17612	CharingCross	1	PFC_BA10	CTL	False	M	M	False	False	False	G0310	CharingCross	GSM439797	GSE17612	PFC_BA10	GSE17612	1.0	CTL	True	M	False	
D0324	GSE17612	CharingCross	1	PFC_BA10	SCZ	False	M	M	False	False	False	G0311	CharingCross	GSM439798	GSE17612	PFC_BA10	GSE17612	1.0	SCZ	True	M	False	
D0325	GSE17612	CharingCross	1	PFC_BA10	CTL	False	M	M	False	False	False	G0312	CharingCross	GSM439799	GSE17612	PFC_BA10	GSE17612	1.0	CTL	True	M	False	
D0326	GSE17612	CharingCross	1	PFC_BA10	SCZ	False	F	F	False	False	False	G0313	CharingCross	GSM439800	GSE17612	PFC_BA10	GSE17612	1.0	SCZ	True	F	False	
D0327	GSE17612	CharingCross	1	PFC_BA10	SCZ	False	M	M	False	False	False	G0314	CharingCross	GSM439801	GSE17612	PFC_BA10	GSE17612	1.0	SCZ	True	M	False	
D0328	GSE17612	CharingCross	1	PFC_BA10	CTL	False	F	F	False	False	False	G0315	CharingCross	GSM439802	GSE17612	PFC_BA10	GSE17612	1.0	CTL	True	F	False	
D0329	GSE17612	CharingCross	1	PFC_BA10	SCZ	False	M	M	False	False	False	G0316	CharingCross	GSM439803	GSE17612	PFC_BA10	GSE17612	1.0	SCZ	True	M	False	
D0330	GSE17612	CharingCross	1	PFC_BA10	CTL	False	M	M	False	False	False	G0317	CharingCross	GSM439804	GSE17612	PFC_BA10	GSE17612	1.0	CTL	True	M	False	
D0331	GSE17612	CharingCross	1	PFC_BA10	SCZ	False	F	F	False	False	False	G0318	CharingCross	GSM439805	GSE17612	PFC_BA10	GSE17612	1.0	SCZ	True	F	False	
D0332	GSE17612	CharingCross	1	PFC_BA10	SCZ	False	M	M	False	False	False	G0319	CharingCross	GSM439806	GSE17612	PFC_BA10	GSE17612	1.0	SCZ	True	M	False	
D0333	GSE17612	CharingCross	1	PFC_BA10	SCZ	False	F	F	False	False	False	G0320	CharingCross	GSM439807	GSE17612	PFC_BA10	GSE17612	1.0	SCZ	True	F	False	
D0334	GSE17612	CharingCross	1	PFC_BA10	CTL	False	F	F	False	False	False	G0321	CharingCross	GSM439808	GSE17612	PFC_BA10	GSE17612	1.0	CTL	True	F	False	
D0335	GSE17612	CharingCross	1	PFC_BA10	SCZ	False	M	M	False	False	False	G0322	CharingCross	GSM439809	GSE17612	PFC_BA10	GSE17612	1.0	SCZ	True	M	False	
D0336	GSE17612	CharingCross	1	PFC_BA10	CTL	False	F	F	False	False	False	G0323	CharingCross	GSM439810	GSE17612	PFC_BA10	GSE17612	1.0	CTL	True	F	False	
D0337	GSE17612	CharingCross	1	PFC_BA10	SCZ	False	F	F	False	False	False	G0324	CharingCross	GSM439811	GSE17612	PFC_BA10	GSE17612	1.0	SCZ	True	F	False	
D0338	GSE17612	CharingCross	1	PFC_BA10	CTL	False	F	F	False	False	False	G0325	CharingCross	GSM439812	GSE17612	PFC_BA10	GSE17612	1.0	CTL	True	F	False	
D0339	GSE17612	CharingCross	1	PFC_BA10	SCZ	False	M	M	False	False	False	G0326	CharingCross	GSM439813	GSE17612	PFC_BA10	GSE17612	1.0	SCZ	True	M	False	
D0340	GSE17612	CharingCross	1	PFC_BA10	CTL	False	M	M	False	False	False	G0327	CharingCross	GSM439814	GSE17612	PFC_BA10	GSE17612	1.0	CTL	True	M	False	
D0341	GSE17612	CharingCross	1	PFC_BA10	SCZ	False	M	M	False	False	False	G0328	CharingCross	GSM439815	GSE17612	PFC_BA10	GSE17612	1.0	SCZ	True	M	False	
D0342	GSE17612	CharingCross	1	PFC_BA10	CTL	False	M	M	False	False	False	G0329	CharingCross	GSM439816	GSE17612	PFC_BA10	GSE17612	1.0	CTL	True	M	False	
D0343	GSE17612	CharingCross	1	PFC_BA10	SCZ	False	M	M	False	False	False	G0330	CharingCross	GSM439817	GSE17612	PFC_BA10	GSE17612	1.0	SCZ	True	M	False	
D0344	GSE17612	CharingCross	1	PFC_BA10	CTL	False	F	F	False	False	False	G0331	CharingCross	GSM439818	GSE17612	PFC_BA10	GSE17612	1.0	CTL	True	F	False	
D0345	GSE17612	CharingCross	1	PFC_BA10	CTL	False	M	M	False	False	False	G0332	CharingCross	GSM439819	GSE17612	PFC_BA10	GSE17612	1.0	CTL	True	M	False	
D0346	GSE17612	CharingCross	1	PFC_BA10	SCZ	False	F	F	False	False	False	G0333	CharingCross	GSM439820	GSE17612	PFC_BA10	GSE17612	1.0	SCZ	True	F	False	
D0347	GSE17612	CharingCross	1	PFC_BA10	SCZ	False	M	M	False	False	False	G0334	CharingCross	GSM439821	GSE17612	PFC_BA10	GSE17612	1.0	SCZ	True	M	False	
D0348	GSE17612	CharingCross	1	PFC_BA10	CTL	False	M	M	False	False	False	G0335	CharingCross	GSM439822	GSE17612	PFC_BA10	GSE17612	1.0	CTL	True	M	False	
D0349	GSE17612	CharingCross	1	PFC_BA10	SCZ	False	M	M	False	False	False	G0336	CharingCross	GSM439823	GSE17612	PFC_BA10	GSE17612	1.0	SCZ	True	M	False	
D0350	GSE17612	CharingCross	1	PFC_BA10	SCZ	False	M	M	False	False	False	G0337	CharingCross	GSM439824	GSE17612	PFC_BA10	GSE17612	1.0	SCZ	True	M	False	
D0351	GSE17612	CharingCross	1	PFC_BA10	CTL	False	F	F	False	False	False	G0338	CharingCross	GSM439825	GSE17612	PFC_BA10	GSE17612	1.0	CTL	True	F	False	
D0352	GSE17612	CharingCross	1	PFC_BA10	CTL	False	F	F	False	False	False	G0339	CharingCross	GSM439826	GSE17612	PFC_BA10	GSE17612	1.0	CTL	True	F	False	
D0353	GSE17612	CharingCross	1	PFC_BA10	SCZ	False	F	F	False	False	False	G0340	CharingCross	GSM439827	GSE17612	PFC_BA10	GSE17612	1.0	SCZ	True	F	False	
D0354	GSE17612	CharingCross	1	PFC_BA10	SCZ	False	M	M	False	False	False	G0341	CharingCross	GSM439828	GSE17612	PFC_BA10	GSE17612	1.0	SCZ	True	M	False	
D0355	GSE21138	Victoria	1	PFC_BA46	CTL	False	M	M	False	False	False	G0342	Victoria	GSM528831	GSE21138	PFC_BA46	GSE21138	1.0	CTL	True	M	False	
D0356	GSE21138	Victoria	1	PFC_BA46	CTL	False	M	M	False	False	False	G0343	Victoria	GSM528832	GSE21138	PFC_BA46	GSE21138	1.0	CTL	True	M	False	
D0357	GSE21138	Victoria	1	PFC_BA46	CTL	False	M	M	False	False	False	G0344	Victoria	GSM528833	GSE21138	PFC_BA46	GSE21138	1.0	CTL	True	M	False	
D0358	GSE21138	Victoria	1	PFC_BA46	CTL	False	M	M	False	False	False	G0345	Victoria	GSM528834	GSE21138	PFC_BA46	GSE21138	1.0	CTL	True	M	False	
D0359	GSE21138	Victoria	1	PFC_BA46	CTL	False	M	M	False	False	False	G0346	Victoria	GSM528835	GSE21138	PFC_BA46	GSE21138	1.0	CTL	True	M	False	
D0360	GSE21138	Victoria	1	PFC_BA46	CTL	False	M	M	False	False	False	G0347	Victoria	GSM528836	GSE21138	PFC_BA46	GSE21138	1.0	CTL	True	M	False	
D0361	GSE21138	Victoria	1	PFC_BA46	CTL	False	F	F	False	False	False	G0348	Victoria	GSM528837	GSE21138	PFC_BA46	GSE21138	1.0	CTL	True	F	False	
D0362	GSE21138	Victoria	1	PFC_BA46	CTL	False	M	M	False	False	False	G0349	Victoria	GSM528838	GSE21138	PFC_BA46	GSE21138	1.0	CTL	True	M	False	
D0363	GSE21138	Victoria	2	PFC_BA46	CTL	False	M	MIXED	False	False	True	G0350	Victoria	GSM528839;GSM528840	GSE21138	PFC_BA46	GSE21138	2.0	CTL	True	MIXED	True	a sample shows Y and XIST both high (mixture/XXY)
D0364	GSE21138	Victoria	1	PFC_BA46	CTL	False	F	F	False	False	False	G0351	Victoria	GSM528841	GSE21138	PFC_BA46	GSE21138	1.0	CTL	True	F	False	
D0365	GSE21138	Victoria	1	PFC_BA46	CTL	False	M	M	False	False	False	G0352	Victoria	GSM528842	GSE21138	PFC_BA46	GSE21138	1.0	CTL	True	M	False	
D0366	GSE21138	Victoria	1	PFC_BA46	CTL	False	M	M	False	False	False	G0353	Victoria	GSM528843	GSE21138	PFC_BA46	GSE21138	1.0	CTL	True	M	False	
D0367	GSE21138	Victoria	1	PFC_BA46	CTL	False	M	M	False	False	False	G0354	Victoria	GSM528844	GSE21138	PFC_BA46	GSE21138	1.0	CTL	True	M	False	
D0368	GSE21138	Victoria	1	PFC_BA46	CTL	False	M	M	False	False	False	G0355	Victoria	GSM528845	GSE21138	PFC_BA46	GSE21138	1.0	CTL	True	M	False	
D0369	GSE21138	Victoria	1	PFC_BA46	CTL	False	M	M	False	False	False	G0356	Victoria	GSM528846	GSE21138	PFC_BA46	GSE21138	1.0	CTL	True	M	False	
D0370	GSE21138	Victoria	1	PFC_BA46	CTL	False	M	M	False	False	False	G0357	Victoria	GSM528847	GSE21138	PFC_BA46	GSE21138	1.0	CTL	True	M	False	
D0371	GSE21138	Victoria	1	PFC_BA46	CTL	False	M	M	False	False	False	G0358	Victoria	GSM528848	GSE21138	PFC_BA46	GSE21138	1.0	CTL	True	M	False	
D0372	GSE21138	Victoria	1	PFC_BA46	CTL	False	M	M	False	False	False	G0359	Victoria	GSM528849	GSE21138	PFC_BA46	GSE21138	1.0	CTL	True	M	False	
D0373	GSE21138	Victoria	1	PFC_BA46	CTL	False	F	F	False	False	False	G0360	Victoria	GSM528850	GSE21138	PFC_BA46	GSE21138	1.0	CTL	True	F	False	
D0374	GSE21138	Victoria	1	PFC_BA46	CTL	False	F	F	False	False	False	G0361	Victoria	GSM528851	GSE21138	PFC_BA46	GSE21138	1.0	CTL	True	F	False	
D0375	GSE21138	Victoria	1	PFC_BA46	CTL	False	M	M	False	False	False	G0362	Victoria	GSM528852	GSE21138	PFC_BA46	GSE21138	1.0	CTL	True	M	False	
D0376	GSE21138	Victoria	1	PFC_BA46	CTL	False	M	M	False	False	False	G0363	Victoria	GSM528853	GSE21138	PFC_BA46	GSE21138	1.0	CTL	True	M	False	
D0377	GSE21138	Victoria	1	PFC_BA46	CTL	False	M	M	False	False	False	G0364	Victoria	GSM528854	GSE21138	PFC_BA46	GSE21138	1.0	CTL	True	M	False	
D0378	GSE21138	Victoria	1	PFC_BA46	CTL	False	M	M	False	False	False	G0365	Victoria	GSM528855	GSE21138	PFC_BA46	GSE21138	1.0	CTL	True	M	False	
D0379	GSE21138	Victoria	1	PFC_BA46	CTL	False	M	M	False	False	False	G0366	Victoria	GSM528856	GSE21138	PFC_BA46	GSE21138	1.0	CTL	True	M	False	
D0380	GSE21138	Victoria	1	PFC_BA46	CTL	False	M	M	False	False	False	G0367	Victoria	GSM528857	GSE21138	PFC_BA46	GSE21138	1.0	CTL	True	M	False	
D0381	GSE21138	Victoria	1	PFC_BA46	CTL	False	F	F	False	False	False	G0368	Victoria	GSM528858	GSE21138	PFC_BA46	GSE21138	1.0	CTL	True	F	False	
D0382	GSE21138	Victoria	1	PFC_BA46	CTL	False	M	M	False	False	False	G0369	Victoria	GSM528859	GSE21138	PFC_BA46	GSE21138	1.0	CTL	True	M	False	
D0383	GSE21138	Victoria	1	PFC_BA46	SCZ	False	M	M	False	False	False	G0370	Victoria	GSM528860	GSE21138	PFC_BA46	GSE21138	1.0	SCZ	True	M	False	
D0384	GSE21138	Victoria	1	PFC_BA46	SCZ	False	M	M	False	False	False	G0371	Victoria	GSM528861	GSE21138	PFC_BA46	GSE21138	1.0	SCZ	True	M	False	
D0385	GSE21138	Victoria	1	PFC_BA46	SCZ	False	M	M	False	False	False	G0372	Victoria	GSM528862	GSE21138	PFC_BA46	GSE21138	1.0	SCZ	True	M	False	
D0386	GSE21138	Victoria	1	PFC_BA46	SCZ	False	M	M	False	False	False	G0373	Victoria	GSM528863	GSE21138	PFC_BA46	GSE21138	1.0	SCZ	True	M	False	
D0387	GSE21138	Victoria	1	PFC_BA46	SCZ	False	M	M	False	False	False	G0374	Victoria	GSM528864	GSE21138	PFC_BA46	GSE21138	1.0	SCZ	True	M	False	
D0388	GSE21138	Victoria	1	PFC_BA46	SCZ	False	M	M	False	False	False	G0375	Victoria	GSM528865	GSE21138	PFC_BA46	GSE21138	1.0	SCZ	True	M	False	
D0389	GSE21138	Victoria	1	PFC_BA46	SCZ	False	F	F	False	False	False	G0376	Victoria	GSM528866	GSE21138	PFC_BA46	GSE21138	1.0	SCZ	True	F	False	
D0390	GSE21138	Victoria	1	PFC_BA46	SCZ	False	F	F	False	False	False	G0377	Victoria	GSM528867	GSE21138	PFC_BA46	GSE21138	1.0	SCZ	True	F	False	
D0391	GSE21138	Victoria	1	PFC_BA46	SCZ	False	M	M	False	False	False	G0378	Victoria	GSM528868	GSE21138	PFC_BA46	GSE21138	1.0	SCZ	True	M	False	
D0392	GSE21138	Victoria	1	PFC_BA46	SCZ	False	M	M	False	False	False	G0379	Victoria	GSM528869	GSE21138	PFC_BA46	GSE21138	1.0	SCZ	True	M	False	
D0393	GSE21138	Victoria	1	PFC_BA46	SCZ	False	M	M	False	False	False	G0380	Victoria	GSM528870	GSE21138	PFC_BA46	GSE21138	1.0	SCZ	True	M	False	
D0394	GSE21138	Victoria	1	PFC_BA46	SCZ	False	F	F	False	False	False	G0381	Victoria	GSM528871	GSE21138	PFC_BA46	GSE21138	1.0	SCZ	True	F	False	
D0395	GSE21138	Victoria	1	PFC_BA46	SCZ	False	M	M	False	False	False	G0382	Victoria	GSM528872	GSE21138	PFC_BA46	GSE21138	1.0	SCZ	True	M	False	
D0396	GSE21138	Victoria	1	PFC_BA46	SCZ	False	M	M	False	False	False	G0383	Victoria	GSM528873	GSE21138	PFC_BA46	GSE21138	1.0	SCZ	True	M	False	
D0397	GSE21138	Victoria	1	PFC_BA46	SCZ	False	M	M	False	False	False	G0384	Victoria	GSM528874	GSE21138	PFC_BA46	GSE21138	1.0	SCZ	True	M	False	
D0398	GSE21138	Victoria	1	PFC_BA46	SCZ	False	M	M	False	False	False	G0385	Victoria	GSM528875	GSE21138	PFC_BA46	GSE21138	1.0	SCZ	True	M	False	
D0399	GSE21138	Victoria	1	PFC_BA46	SCZ	False	M	M	False	False	False	G0386	Victoria	GSM528876	GSE21138	PFC_BA46	GSE21138	1.0	SCZ	True	M	False	
D0400	GSE21138	Victoria	1	PFC_BA46	SCZ	False	M	M	False	False	False	G0387	Victoria	GSM528877	GSE21138	PFC_BA46	GSE21138	1.0	SCZ	True	M	False	
D0401	GSE21138	Victoria	1	PFC_BA46	SCZ	False	M	M	False	False	False	G0388	Victoria	GSM528878	GSE21138	PFC_BA46	GSE21138	1.0	SCZ	True	M	False	
D0402	GSE21138	Victoria	1	PFC_BA46	SCZ	False	M	M	False	False	False	G0389	Victoria	GSM528879	GSE21138	PFC_BA46	GSE21138	1.0	SCZ	True	M	False	
D0403	GSE21138	Victoria	1	PFC_BA46	SCZ	False	F	M	True	False	False	G0390	Victoria	GSM528880	GSE21138	PFC_BA46	GSE21138	1.0	SCZ	True	M	True	expression sex M vs reported F
D0404	GSE21138	Victoria	1	PFC_BA46	SCZ	False	F	F	False	False	False	G0391	Victoria	GSM528881	GSE21138	PFC_BA46	GSE21138	1.0	SCZ	True	F	False	
D0405	GSE21138	Victoria	1	PFC_BA46	SCZ	False	M	M	False	False	False	G0392	Victoria	GSM528882	GSE21138	PFC_BA46	GSE21138	1.0	SCZ	True	M	False	
D0406	GSE21138	Victoria	1	PFC_BA46	SCZ	False	M	M	False	False	False	G0393	Victoria	GSM528883	GSE21138	PFC_BA46	GSE21138	1.0	SCZ	True	M	False	
D0407	GSE21138	Victoria	1	PFC_BA46	SCZ	False	M	M	False	False	False	G0394	Victoria	GSM528884	GSE21138	PFC_BA46	GSE21138	1.0	SCZ	True	M	False	
D0408	GSE21138	Victoria	1	PFC_BA46	SCZ	False	M	M	False	False	False	G0395	Victoria	GSM528885	GSE21138	PFC_BA46	GSE21138	1.0	SCZ	True	M	False	
D0409	GSE21138	Victoria	1	PFC_BA46	SCZ	False	M	M	False	False	False	G0396	Victoria	GSM528886	GSE21138	PFC_BA46	GSE21138	1.0	SCZ	True	M	False	
D0410	GSE21138	Victoria	1	PFC_BA46	SCZ	False	M	M	False	False	False	G0397	Victoria	GSM528887	GSE21138	PFC_BA46	GSE21138	1.0	SCZ	True	M	False	
D0411	GSE21138	Victoria	1	PFC_BA46	SCZ	False	F	F	False	False	False	G0398	Victoria	GSM528888	GSE21138	PFC_BA46	GSE21138	1.0	SCZ	True	F	False	
D0412	GSE21138	Victoria	1	PFC_BA46	SCZ	False	M	M	False	False	False	G0399	Victoria	GSM528889	GSE21138	PFC_BA46	GSE21138	1.0	SCZ	True	M	False	
D0413	GSE35978	Stanley	2	CB,PARIETAL	CTL	False	M	M	False	False	False	G0400	Stanley	GSM878376	GSE35978	PARIETAL	GSE35978	1.0	CTL	True	M	False	
D0414	GSE12649,GSE35978	Stanley	3	CB,PARIETAL,PFC_BA46	BD	False	M	M	False	False	False	G0401	Stanley	GSM878377	GSE35978	PARIETAL	GSE35978	1.0	BD	True	M	False	
D0415	GSE35978	Stanley	2	CB,PARIETAL	SCZ	False	M	M	False	False	False	G0402	Stanley	GSM878378	GSE35978	PARIETAL	GSE35978	1.0	SCZ	True	M	False	
D0416	GSE12649,GSE35978	Stanley	3	CB,PARIETAL,PFC_BA46	BD	False	F	F	False	False	False	G0403	Stanley	GSM878379	GSE35978	PARIETAL	GSE35978	1.0	BD	True	F	False	
D0417	GSE12649,GSE35978	Stanley	3	CB,PARIETAL,PFC_BA46	BD	False	M	M	False	False	False	G0404	Stanley	GSM878380	GSE35978	PARIETAL	GSE35978	1.0	BD	True	M	False	
D0418	GSE12649,GSE35978	Stanley	3	CB,PARIETAL,PFC_BA46	SCZ	False	M	M	False	False	False	G0405	Stanley	GSM878381	GSE35978	PARIETAL	GSE35978	1.0	SCZ	True	M	False	
D0419	GSE12649,GSE35978	Stanley	3	CB,PARIETAL,PFC_BA46	BD	False	M	M	False	False	False	G0406	Stanley	GSM878382	GSE35978	PARIETAL	GSE35978	1.0	BD	True	M	False	
D0420	GSE12649,GSE35978	Stanley	3	CB,PARIETAL,PFC_BA46	BD	False	F	F	False	False	False	G0407	Stanley	GSM878383	GSE35978	PARIETAL	GSE35978	1.0	BD	True	F	False	
D0421	GSE12649,GSE35978	Stanley	3	CB,PARIETAL,PFC_BA46	CTL	False	F	F	False	False	False	G0408	Stanley	GSM878384	GSE35978	PARIETAL	GSE35978	1.0	CTL	True	F	False	
D0422	GSE12649,GSE35978	Stanley	3	CB,PARIETAL,PFC_BA46	CTL	False	M	M	False	False	False	G0409	Stanley	GSM878385	GSE35978	PARIETAL	GSE35978	1.0	CTL	True	M	False	
D0423	GSE12649,GSE35978	Stanley	3	CB,PARIETAL,PFC_BA46	BD	False	F	F	False	False	False	G0410	Stanley	GSM878386	GSE35978	PARIETAL	GSE35978	1.0	BD	True	F	False	
D0424	GSE12649,GSE35978	Stanley	3	CB,PARIETAL,PFC_BA46	BD	False	M	M	False	False	False	G0411	Stanley	GSM878387	GSE35978	PARIETAL	GSE35978	1.0	BD	True	M	False	
D0425	GSE12649,GSE35978	Stanley	4	CB,PARIETAL,PFC_BA46	SCZ	False	F	F	False	False	False	G0412	Stanley	GSM878388	GSE35978	PARIETAL	GSE35978	1.0	SCZ	True	F	False	
D0426	GSE12649,GSE35978	Stanley	3	CB,PARIETAL,PFC_BA46	CTL	False	M	M	False	False	False	G0413	Stanley	GSM878389	GSE35978	PARIETAL	GSE35978	1.0	CTL	True	M	False	
D0427	GSE35978	Stanley	2	CB,PARIETAL	SCZ	False	M	M	False	False	False	G0414	Stanley	GSM878390	GSE35978	PARIETAL	GSE35978	1.0	SCZ	True	M	False	
D0428	GSE35978	Stanley	2	CB,PARIETAL	CTL	False	M	M	False	False	False	G0419	Stanley	GSM878391	GSE35978	PARIETAL	GSE35978	1.0	CTL	True	M	False	
D0429	GSE12649,GSE35978	Stanley	3	CB,PARIETAL,PFC_BA46	BD	False	M	M	False	False	False	G0415	Stanley	GSM878392	GSE35978	PARIETAL	GSE35978	1.0	BD	True	M	False	
D0430	GSE12649,GSE35978	Stanley	3	CB,PARIETAL,PFC_BA46	BD	False	F	F	False	False	False	G0416	Stanley	GSM878393	GSE35978	PARIETAL	GSE35978	1.0	BD	True	F	False	
D0431	GSE12649,GSE35978	Stanley	3	CB,PARIETAL,PFC_BA46	BD	False	F	F	False	False	False	G0417	Stanley	GSM878394	GSE35978	PARIETAL	GSE35978	1.0	BD	True	F	False	
D0432	GSE12649,GSE35978	Stanley	3	CB,PARIETAL,PFC_BA46	CTL	False	M	M	False	False	False	G0460	Stanley	GSM878395	GSE35978	PARIETAL	GSE35978	1.0	CTL	True	M	False	
D0433	GSE12649,GSE35978	Stanley	3	CB,PARIETAL,PFC_BA46	BD	False	F	F	False	False	False	G0418	Stanley	GSM878396	GSE35978	PARIETAL	GSE35978	1.0	BD	True	F	False	
D0434	GSE12649,GSE35978	Stanley	3	CB,PARIETAL,PFC_BA46	CTL	False	M	M	False	False	False	G0419	Stanley	GSM878397	GSE35978	PARIETAL	GSE35978	1.0	CTL	True	M	False	
D0435	GSE12649,GSE35978	Stanley	5	CB,PARIETAL,PFC_BA46	SCZ	False	M	M	False	False	False	G0420	Stanley	GSM878398	GSE35978	PARIETAL	GSE35978	1.0	SCZ	True	M	False	
D0436	GSE12649,GSE35978	Stanley	4	CB,PARIETAL,PFC_BA46	BD	False	F	F	False	False	False	G0421	Stanley	GSM878399	GSE35978	PARIETAL	GSE35978	1.0	BD	True	F	False	
D0437	GSE35978	Stanley	2	CB,PARIETAL	BD	False	M	M	False	False	False	G0422	Stanley	GSM878400	GSE35978	PARIETAL	GSE35978	1.0	BD	True	M	False	
D0438	GSE12649,GSE35978	Stanley	3	CB,PARIETAL,PFC_BA46	CTL	False	F	F	False	False	False	G0423	Stanley	GSM878401	GSE35978	PARIETAL	GSE35978	1.0	CTL	True	F	False	
D0439	GSE12649,GSE35978	Stanley	3	CB,PARIETAL,PFC_BA46	SCZ	False	M	M	False	False	False	G0424	Stanley	GSM878402	GSE35978	PARIETAL	GSE35978	1.0	SCZ	True	M	False	
D0440	GSE12649,GSE35978	Stanley	3	CB,PARIETAL,PFC_BA46	SCZ	False	F	F	False	False	False	G0425	Stanley	GSM878403	GSE35978	PARIETAL	GSE35978	1.0	SCZ	True	F	False	
D0441	GSE12649,GSE35978	Stanley	3	CB,PARIETAL,PFC_BA46	SCZ	False	M	M	False	False	False	G0426	Stanley	GSM878404	GSE35978	PARIETAL	GSE35978	1.0	SCZ	True	M	False	
D0442	GSE12649,GSE35978	Stanley	3	CB,PARIETAL,PFC_BA46	BD	False	M	M	False	False	False	G0427	Stanley	GSM878405	GSE35978	PARIETAL	GSE35978	1.0	BD	True	M	False	
D0443	GSE12649,GSE35978	Stanley	3	CB,PARIETAL,PFC_BA46	BD	False	F	F	False	False	False	G0428	Stanley	GSM878406	GSE35978	PARIETAL	GSE35978	1.0	BD	True	F	False	
D0444	GSE12649,GSE35978	Stanley	3	CB,PARIETAL,PFC_BA46	SCZ	False	M	M	False	False	False	G0429	Stanley	GSM878407	GSE35978	PARIETAL	GSE35978	1.0	SCZ	True	M	False	
D0445	GSE12649,GSE35978	Stanley	3	CB,PARIETAL,PFC_BA46	SCZ	False	F	F	False	False	False	G0430	Stanley	GSM878408	GSE35978	PARIETAL	GSE35978	1.0	SCZ	True	F	False	
D0446	GSE12649,GSE35978	Stanley	3	CB,PARIETAL,PFC_BA46	CTL	False	F	F	False	False	False	G0431	Stanley	GSM878409	GSE35978	PARIETAL	GSE35978	1.0	CTL	True	F	False	
D0447	GSE12649,GSE35978	Stanley	3	CB,PARIETAL,PFC_BA46	CTL	False	M	M	False	False	False	G0432	Stanley	GSM878410	GSE35978	PARIETAL	GSE35978	1.0	CTL	True	M	False	
D0448	GSE35978	Stanley	1	PARIETAL	BD	False	M	M	False	False	False	G0433	Stanley	GSM878411	GSE35978	PARIETAL	GSE35978	1.0	BD	True	M	False	
D0449	GSE12649,GSE35978	Stanley	3	CB,PARIETAL,PFC_BA46	BD	False	M	M	False	False	False	G0434	Stanley	GSM878412	GSE35978	PARIETAL	GSE35978	1.0	BD	True	M	False	
D0450	GSE12649,GSE35978	Stanley	2	PARIETAL,PFC_BA46	SCZ	False	M	M	False	False	False	G0435	Stanley	GSM878413	GSE35978	PARIETAL	GSE35978	1.0	SCZ	True	M	False	
D0451	GSE12649,GSE35978	Stanley	3	CB,PARIETAL,PFC_BA46	SCZ	False	M	M	False	False	False	G0436	Stanley	GSM878414	GSE35978	PARIETAL	GSE35978	1.0	SCZ	True	M	False	
D0452	GSE12649,GSE35978	Stanley	4	CB,PARIETAL,PFC_BA46	SCZ	False	M	M	False	False	False	G0437	Stanley	GSM878415;GSM878416	GSE35978	PARIETAL	GSE35978	2.0	SCZ	True	M	False	
D0453	GSE12649,GSE35978	Stanley	3	CB,PARIETAL,PFC_BA46	CTL	False	M	M	False	False	False	G0438	Stanley	GSM878417	GSE35978	PARIETAL	GSE35978	1.0	CTL	True	M	False	
D0454	GSE12649,GSE35978	Stanley	3	CB,PARIETAL,PFC_BA46	SCZ	False	M	M	False	False	False	G0439	Stanley	GSM878418	GSE35978	PARIETAL	GSE35978	1.0	SCZ	True	M	False	
D0455	GSE35978	Stanley	1	PARIETAL	CTL	False	M	M	False	False	False	G0440	Stanley	GSM878419	GSE35978	PARIETAL	GSE35978	1.0	CTL	True	M	False	
D0456	GSE35978	Stanley	2	CB,PARIETAL	CTL	False	M	M	False	False	False	G0441	Stanley	GSM878420	GSE35978	PARIETAL	GSE35978	1.0	CTL	True	M	False	
D0457	GSE12649,GSE35978	Stanley	3	CB,PARIETAL,PFC_BA46	SCZ	False	M	M	False	False	False	G0442	Stanley	GSM878421	GSE35978	PARIETAL	GSE35978	1.0	SCZ	True	M	False	
D0458	GSE12649,GSE35978	Stanley	3	CB,PARIETAL,PFC_BA46	SCZ	False	M	M	False	False	False	G0443	Stanley	GSM878422	GSE35978	PARIETAL	GSE35978	1.0	SCZ	True	M	False	
D0459	GSE12649,GSE35978	Stanley	3	CB,PARIETAL,PFC_BA46	CTL	False	M	M	False	False	False	G0444	Stanley	GSM878423	GSE35978	PARIETAL	GSE35978	1.0	CTL	True	M	False	
D0460	GSE12649,GSE35978	Stanley	3	CB,PARIETAL,PFC_BA46	CTL	False	F	F	False	False	False	G0445	Stanley	GSM878425	GSE35978	PARIETAL	GSE35978	1.0	CTL	True	F	False	
D0461	GSE12649,GSE35978	Stanley	3	CB,PARIETAL,PFC_BA46	SCZ	False	F	F	False	False	False	G0446	Stanley	GSM878426	GSE35978	PARIETAL	GSE35978	1.0	SCZ	True	F	False	
D0462	GSE35978	Stanley	2	CB,PARIETAL	BD	False	F	F,M	True	True	False	G0447	Stanley	GSM878427	GSE35978	PARIETAL	GSE35978	1.0	BD	True	M	True	expression sex F,M vs reported F; samples of this donor show both sexes
D0463	GSE12649,GSE35978	Stanley	2	PARIETAL,PFC_BA46	CTL	False	F	F	False	False	False	G0448	Stanley	GSM878428	GSE35978	PARIETAL	GSE35978	1.0	CTL	True	F	False	
D0464	GSE12649,GSE35978	Stanley	2	PARIETAL,PFC_BA46	SCZ	False	M	M	False	False	False	G0449	Stanley	GSM878429	GSE35978	PARIETAL	GSE35978	1.0	SCZ	True	M	False	
D0465	GSE12649,GSE35978	Stanley	3	CB,PARIETAL,PFC_BA46	SCZ	False	M	M	False	False	False	G0450	Stanley	GSM878430	GSE35978	PARIETAL	GSE35978	1.0	SCZ	True	M	False	
D0466	GSE12649,GSE35978	Stanley	3	CB,PARIETAL,PFC_BA46	CTL	False	M	M	False	False	False	G0451	Stanley	GSM878431	GSE35978	PARIETAL	GSE35978	1.0	CTL	True	M	False	
D0467	GSE35978	Stanley	2	CB,PARIETAL	CTL	False	M	M	False	False	False	G0452	Stanley	GSM878432	GSE35978	PARIETAL	GSE35978	1.0	CTL	True	M	False	
D0468	GSE12649,GSE35978	Stanley	3	CB,PARIETAL,PFC_BA46	CTL	False	M	M	False	False	False	G0453	Stanley	GSM878433	GSE35978	PARIETAL	GSE35978	1.0	CTL	True	M	False	
D0469	GSE12649,GSE35978	Stanley	3	CB,PARIETAL,PFC_BA46	CTL	False	M	M	False	False	False	G0454	Stanley	GSM878434	GSE35978	PARIETAL	GSE35978	1.0	CTL	True	M	False	
D0470	GSE12649,GSE35978	Stanley	3	CB,PARIETAL,PFC_BA46	CTL	False	M	M	False	False	False	G0455	Stanley	GSM878435	GSE35978	PARIETAL	GSE35978	1.0	CTL	True	M	False	
D0471	GSE12649,GSE35978	Stanley	3	CB,PARIETAL,PFC_BA46	SCZ	False	M	M	False	False	False	G0456	Stanley	GSM878436	GSE35978	PARIETAL	GSE35978	1.0	SCZ	True	M	False	
D0472	GSE35978	Stanley	2	CB,PARIETAL	BD	False	F	F	False	False	False	G0457	Stanley	GSM878437	GSE35978	PARIETAL	GSE35978	1.0	BD	True	F	False	
D0473	GSE12649,GSE35978	Stanley	3	CB,PARIETAL,PFC_BA46	SCZ	False	M	M	False	False	False	G0458	Stanley	GSM878438	GSE35978	PARIETAL	GSE35978	1.0	SCZ	True	M	False	
D0474	GSE12649,GSE35978	Stanley	3	CB,PARIETAL,PFC_BA46	CTL	False	M	M	False	False	False	G0459	Stanley	GSM878439	GSE35978	PARIETAL	GSE35978	1.0	CTL	True	M	False	
D0475	GSE35978	Stanley	2	CB,PARIETAL	BD	False	M	M	False	False	False	G0460	Stanley	GSM878440	GSE35978	PARIETAL	GSE35978	1.0	BD	True	M	False	
D0476	GSE35978	Stanley	2	CB,PARIETAL	SCZ	False	M	M	False	False	False	G0461	Stanley	GSM878441	GSE35978	PARIETAL	GSE35978	1.0	SCZ	True	M	False	
D0477	GSE12649,GSE35978	Stanley	3	CB,PARIETAL,PFC_BA46	BD	False	F	F	False	False	False	G0462	Stanley	GSM878442	GSE35978	PARIETAL	GSE35978	1.0	BD	True	F	False	
D0478	GSE12649,GSE35978	Stanley	3	CB,PARIETAL,PFC_BA46	SCZ	False	M	M	False	False	False	G0463	Stanley	GSM878443	GSE35978	PARIETAL	GSE35978	1.0	SCZ	True	M	False	
D0479	GSE12649,GSE35978	Stanley	3	CB,PARIETAL,PFC_BA46	SCZ	False	M	M	False	False	False	G0464	Stanley	GSM878444	GSE35978	PARIETAL	GSE35978	1.0	SCZ	True	M	False	
D0480	GSE12649,GSE35978	Stanley	3	CB,PARIETAL,PFC_BA46	BD	False	M	M	False	False	False	G0465	Stanley	GSM878445	GSE35978	PARIETAL	GSE35978	1.0	BD	True	M	False	
D0481	GSE35978	Stanley	2	CB,PARIETAL	CTL	False	M	M	False	False	False	G0466	Stanley	GSM878446	GSE35978	PARIETAL	GSE35978	1.0	CTL	True	M	False	
D0482	GSE35978	Stanley	2	CB,PARIETAL	BD	False	F	F	False	False	False	G0467	Stanley	GSM878447	GSE35978	PARIETAL	GSE35978	1.0	BD	True	F	False	
D0483	GSE35978	Stanley	1	PARIETAL	SCZ	False	M	M	False	False	False	G0468	Stanley	GSM878448	GSE35978	PARIETAL	GSE35978	1.0	SCZ	True	M	False	
D0484	GSE12649,GSE35978	Stanley	3	CB,PARIETAL,PFC_BA46	CTL	False	F	F	False	False	False	G0469	Stanley	GSM878449	GSE35978	PARIETAL	GSE35978	1.0	CTL	True	F	False	
D0485	GSE35978	Stanley	2	CB,PARIETAL	CTL	False	M	M	False	False	False	G0470	Stanley	GSM878450	GSE35978	PARIETAL	GSE35978	1.0	CTL	True	M	False	
D0486	GSE12649,GSE35978	Stanley	3	CB,PARIETAL,PFC_BA46	BD	False	M	M	False	False	False	G0471	Stanley	GSM878451	GSE35978	PARIETAL	GSE35978	1.0	BD	True	M	False	
D0487	GSE12649,GSE35978	Stanley	3	CB,PARIETAL,PFC_BA46	CTL	False	M	M	False	False	False	G0472	Stanley	GSM878452	GSE35978	PARIETAL	GSE35978	1.0	CTL	True	M	False	
D0488	GSE12649,GSE35978	Stanley	3	CB,PARIETAL,PFC_BA46	SCZ	False	F	F	False	False	False	G0473	Stanley	GSM878453	GSE35978	PARIETAL	GSE35978	1.0	SCZ	True	F	False	
D0489	GSE12649,GSE35978	Stanley	3	CB,PARIETAL,PFC_BA46	CTL	False	M	M	False	False	False	G0474	Stanley	GSM878454	GSE35978	PARIETAL	GSE35978	1.0	CTL	True	M	False	
D0490	GSE12649,GSE35978	Stanley	3	CB,PARIETAL,PFC_BA46	BD	False	M	M	False	False	False	G0475	Stanley	GSM878455	GSE35978	PARIETAL	GSE35978	1.0	BD	True	M	False	
D0491	GSE12649,GSE35978	Stanley	3	CB,PARIETAL,PFC_BA46	CTL	False	F	F	False	False	False	G0476	Stanley	GSM878456	GSE35978	PARIETAL	GSE35978	1.0	CTL	True	F	False	
D0492	GSE12649,GSE35978	Stanley	3	CB,PARIETAL,PFC_BA46	SCZ	False	M	M	False	False	False	G0477	Stanley	GSM878457	GSE35978	PARIETAL	GSE35978	1.0	SCZ	True	M	False	
D0493	GSE35978	Stanley	2	CB,PARIETAL	CTL	False	M	M	False	False	False	G0478	Stanley	GSM878458	GSE35978	PARIETAL	GSE35978	1.0	CTL	True	M	False	
D0494	GSE12649,GSE35978	Stanley	3	CB,PARIETAL,PFC_BA46	BD	False	F	F	False	False	False	G0479	Stanley	GSM878459	GSE35978	PARIETAL	GSE35978	1.0	BD	True	F	False	
D0495	GSE12649,GSE35978	Stanley	3	CB,PARIETAL,PFC_BA46	SCZ	False	F	F	False	False	False	G0480	Stanley	GSM878460	GSE35978	PARIETAL	GSE35978	1.0	SCZ	True	F	False	
D0496	GSE35978	Stanley	1	PARIETAL	BD	False	F	F	False	False	False	G0481	Stanley	GSM878461	GSE35978	PARIETAL	GSE35978	1.0	BD	True	F	False	
D0497	GSE12649,GSE35978	Stanley	3	CB,PARIETAL,PFC_BA46	SCZ	False	M	M	False	False	False	G0482	Stanley	GSM878462	GSE35978	PARIETAL	GSE35978	1.0	SCZ	True	M	False	
D0498	GSE12649,GSE35978	Stanley	3	CB,PARIETAL,PFC_BA46	CTL	False	M	M	False	False	False	G0483	Stanley	GSM878463	GSE35978	PARIETAL	GSE35978	1.0	CTL	True	M	False	
D0499	GSE12649,GSE35978	Stanley	3	CB,PARIETAL,PFC_BA46	SCZ	False	M	M	False	False	False	G0484	Stanley	GSM878464	GSE35978	PARIETAL	GSE35978	1.0	SCZ	True	M	False	
D0500	GSE12649,GSE35978	Stanley	4	CB,PARIETAL,PFC_BA46	CTL	False	M	M	False	False	False	G0485	Stanley	GSM878465;GSM878466	GSE35978	PARIETAL	GSE35978	2.0	CTL	True	M	False	
D0501	GSE12649,GSE35978	Stanley	3	CB,PARIETAL,PFC_BA46	SCZ	False	M	M	False	False	False	G0486	Stanley	GSM878467	GSE35978	PARIETAL	GSE35978	1.0	SCZ	True	M	False	
D0502	GSE12649,GSE35978	Stanley	3	CB,PARIETAL,PFC_BA46	SCZ	False	F	F	False	False	False	G0487	Stanley	GSM878468	GSE35978	PARIETAL	GSE35978	1.0	SCZ	True	F	False	
D0503	GSE12649,GSE35978	Stanley	3	CB,PARIETAL,PFC_BA46	BD,CTL	True	M	M	False	False	False	G0460	Stanley	GSM878469	GSE35978	PARIETAL	GSE35978	1.0	CTL	True	M	True	identity match to a sample with a different diagnosis (BD,CTL)
D0504	GSE12649,GSE35978	Stanley	3	CB,PARIETAL,PFC_BA46	SCZ	False	F	F	False	False	False	G0488	Stanley	GSM878470	GSE35978	PARIETAL	GSE35978	1.0	SCZ	True	F	False	
D0505	GSE12649,GSE35978	Stanley	3	CB,PARIETAL,PFC_BA46	BD	False	M	M	False	False	False	G0489	Stanley	GSM878471	GSE35978	PARIETAL	GSE35978	1.0	BD	True	M	False	
D0506	GSE12649,GSE35978	Stanley	3	CB,PARIETAL,PFC_BA46	CTL	False	F	F	False	False	False	G0490	Stanley	GSM878472	GSE35978	PARIETAL	GSE35978	1.0	CTL	True	F	False	
D0507	GSE12649,GSE35978	Stanley	3	CB,PARIETAL,PFC_BA46	SCZ	False	M	M	False	False	False	G0491	Stanley	GSM878473	GSE35978	PARIETAL	GSE35978	1.0	SCZ	True	M	False	
D0508	GSE12649,GSE35978	Stanley	3	CB,PARIETAL,PFC_BA46	BD	False	F	F	False	False	False	G0492	Stanley	GSM878474	GSE35978	PARIETAL	GSE35978	1.0	BD	True	F	False	
D0509	GSE12649,GSE35978	Stanley	2	PARIETAL,PFC_BA46	BD	False	F	F	False	False	False	G0493	Stanley	GSM878475	GSE35978	PARIETAL	GSE35978	1.0	BD	True	F	False	
D0510	GSE35978	Stanley	1	PARIETAL	BD	False	M	M	False	False	False	G0494	Stanley	GSM878476	GSE35978	PARIETAL	GSE35978	1.0	BD	True	M	False	
D0511	GSE35978	Stanley	2	CB,PARIETAL	SCZ	False	F	F	False	False	False	G0495	Stanley	GSM878477	GSE35978	PARIETAL	GSE35978	1.0	SCZ	True	F	False	
D0512	GSE35978	Stanley	1	PARIETAL	BD	False	F	F	False	False	False	G0496	Stanley	GSM878479	GSE35978	PARIETAL	GSE35978	1.0	BD	True	F	False	
D0513	GSE35978	Stanley	1	PARIETAL	BD	False	F	F	False	False	False	G0497	Stanley	GSM878480	GSE35978	PARIETAL	GSE35978	1.0	BD	True	F	False	
D0514	GSE35978	Stanley	8	CB,PARIETAL	CTL	False	F	F	False	False	False	G0498	Stanley	GSM878478;GSM878481	GSE35978	PARIETAL	GSE35978	2.0	CTL	True	F	False	
D0515	GSE35978	Stanley	2	CB,PARIETAL	SCZ	False	M	M	False	False	False	G0499	Stanley	GSM878482	GSE35978	PARIETAL	GSE35978	1.0	SCZ	True	M	False	
D0516	GSE35978	Stanley	2	PARIETAL	SCZ	False	M	M	False	False	False	G0500	Stanley	GSM878483;GSM878484	GSE35978	PARIETAL	GSE35978	2.0	SCZ	True	M	False	
D0517	GSE35978	Stanley	2	CB,PARIETAL	MDD	False	F	F	False	False	False	G0501	Stanley	GSM878485	GSE35978	PARIETAL	GSE35978	1.0	MDD	True	F	False	
D0518	GSE35978	Stanley	2	CB,PARIETAL	MDD	False	M	M	False	False	False	G0502	Stanley	GSM878486	GSE35978	PARIETAL	GSE35978	1.0	MDD	True	M	False	
D0519	GSE35978	Stanley	2	CB,PARIETAL	BD	False	M	M	False	False	False	G0503	Stanley	GSM878487	GSE35978	PARIETAL	GSE35978	1.0	BD	True	M	False	
D0520	GSE35978	Stanley	2	CB,PARIETAL	BD	False	M	M	False	False	False	G0504	Stanley	GSM878488	GSE35978	PARIETAL	GSE35978	1.0	BD	True	M	False	
D0521	GSE35978	Stanley	2	CB,PARIETAL	BD	False	F	F	False	False	False	G0505	Stanley	GSM878489	GSE35978	PARIETAL	GSE35978	1.0	BD	True	F	False	
D0522	GSE35978	Stanley	2	CB,PARIETAL	CTL	False	M	M	False	False	False	G0506	Stanley	GSM878490	GSE35978	PARIETAL	GSE35978	1.0	CTL	True	M	False	
D0523	GSE35978	Stanley	1	PARIETAL	SCZ	False	M	M	False	False	False	G0507	Stanley	GSM878491	GSE35978	PARIETAL	GSE35978	1.0	SCZ	True	M	False	
D0524	GSE35978	Stanley	2	CB,PARIETAL	CTL	False	M	M	False	False	False	G0508	Stanley	GSM878492	GSE35978	PARIETAL	GSE35978	1.0	CTL	True	M	False	
D0525	GSE35978	Stanley	2	CB,PARIETAL	CTL	False	M	M	False	False	False	G0509	Stanley	GSM878493	GSE35978	PARIETAL	GSE35978	1.0	CTL	True	M	False	
D0526	GSE35978	Stanley	2	CB,PARIETAL	CTL	False	F	F	False	False	False	G0510	Stanley	GSM878494	GSE35978	PARIETAL	GSE35978	1.0	CTL	True	F	False	
D0527	GSE35978	Stanley	1	PARIETAL	BD	False	M	M	False	False	False	G0511	Stanley	GSM878495	GSE35978	PARIETAL	GSE35978	1.0	BD	True	M	False	
D0528	GSE35978	Stanley	1	PARIETAL	SCZ	False	M	M	False	False	False	G0512	Stanley	GSM878496	GSE35978	PARIETAL	GSE35978	1.0	SCZ	True	M	False	
D0529	GSE35978	Stanley	2	CB,PARIETAL	SCZ	False	F	F	False	False	False	G0513	Stanley	GSM878497	GSE35978	PARIETAL	GSE35978	1.0	SCZ	True	F	False	
D0530	GSE35978	Stanley	1	PARIETAL	SCZ	False	F	F	False	False	False	G0514	Stanley	GSM878498	GSE35978	PARIETAL	GSE35978	1.0	SCZ	True	F	False	
D0531	GSE35978	Stanley	2	CB,PARIETAL	BD	False	F	F	False	False	False	G0515	Stanley	GSM878499	GSE35978	PARIETAL	GSE35978	1.0	BD	True	F	False	
D0532	GSE35978	Stanley	2	CB,PARIETAL	MDD	False	M	M	False	False	False	G0516	Stanley	GSM878500	GSE35978	PARIETAL	GSE35978	1.0	MDD	True	M	False	
D0533	GSE35978	Stanley	3	CB,PARIETAL	MDD	False	M	M	False	False	False	G0517	Stanley	GSM878501	GSE35978	PARIETAL	GSE35978	1.0	MDD	True	M	False	
D0534	GSE35978	Stanley	2	CB,PARIETAL	MDD	False	M	M	False	False	False	G0518	Stanley	GSM878502	GSE35978	PARIETAL	GSE35978	1.0	MDD	True	M	False	
D0535	GSE35978	Stanley	2	CB,PARIETAL	BD	False	M	M	False	False	False	G0519	Stanley	GSM878503	GSE35978	PARIETAL	GSE35978	1.0	BD	True	M	False	
D0536	GSE35978	Stanley	2	CB,PARIETAL	BD	False	M	M	False	False	False	G0520	Stanley	GSM878504	GSE35978	PARIETAL	GSE35978	1.0	BD	True	M	False	
D0537	GSE35978	Stanley	1	PARIETAL	SCZ	False	F	F	False	False	False	G0521	Stanley	GSM878505	GSE35978	PARIETAL	GSE35978	1.0	SCZ	True	F	False	
D0538	GSE35978	Stanley	2	CB,PARIETAL	MDD	False	F	F	False	False	False	G0522	Stanley	GSM878506	GSE35978	PARIETAL	GSE35978	1.0	MDD	True	F	False	
D0539	GSE35978	Stanley	2	CB,PARIETAL	SCZ	False	M	M	False	False	False	G0523	Stanley	GSM878507	GSE35978	PARIETAL	GSE35978	1.0	SCZ	True	M	False	
D0540	GSE35978	Stanley	2	CB,PARIETAL	SCZ	False	M	M	False	False	False	G0524	Stanley	GSM878508	GSE35978	PARIETAL	GSE35978	1.0	SCZ	True	M	False	
D0541	GSE35978	Stanley	1	PARIETAL	CTL	False	M	M	False	False	False	G0525	Stanley	GSM878509	GSE35978	PARIETAL	GSE35978	1.0	CTL	True	M	False	
D0542	GSE35978	Stanley	2	CB,PARIETAL	CTL	False	M	M	False	False	False	G0526	Stanley	GSM878510	GSE35978	PARIETAL	GSE35978	1.0	CTL	True	M	False	
D0543	GSE35978	Stanley	2	CB,PARIETAL	BD	False	M	M	False	False	False	G0527	Stanley	GSM878511	GSE35978	PARIETAL	GSE35978	1.0	BD	True	M	False	
D0544	GSE35978	Stanley	1	PARIETAL	SCZ	False	F	F	False	False	False	G0528	Stanley	GSM878512	GSE35978	PARIETAL	GSE35978	1.0	SCZ	True	F	False	
D0545	GSE35978	Stanley	2	CB,PARIETAL	MDD	False	M	M	False	False	False	G0529	Stanley	GSM878513	GSE35978	PARIETAL	GSE35978	1.0	MDD	True	M	False	
D0546	GSE35978	Stanley	2	CB,PARIETAL	SCZ	False	M	M	False	False	False	G0530	Stanley	GSM878514	GSE35978	PARIETAL	GSE35978	1.0	SCZ	True	M	False	
D0547	GSE35978	Stanley	2	CB,PARIETAL	CTL	False	F	F	False	False	False	G0531	Stanley	GSM878515	GSE35978	PARIETAL	GSE35978	1.0	CTL	True	F	False	
D0548	GSE35978	Stanley	1	PARIETAL	MDD	False	F	F	False	False	False	G0532	Stanley	GSM878516	GSE35978	PARIETAL	GSE35978	1.0	MDD	True	F	False	
D0549	GSE35978	Stanley	2	CB,PARIETAL	MDD	False	M	M	False	False	False	G0533	Stanley	GSM878517	GSE35978	PARIETAL	GSE35978	1.0	MDD	True	M	False	
D0550	GSE35978	Stanley	2	CB,PARIETAL	SCZ	False	F	F	False	False	False	G0534	Stanley	GSM878518	GSE35978	PARIETAL	GSE35978	1.0	SCZ	True	F	False	
D0551	GSE35978	Stanley	2	CB,PARIETAL	CTL	False	F	F	False	False	False	G0535	Stanley	GSM878519	GSE35978	PARIETAL	GSE35978	1.0	CTL	True	F	False	
D0552	GSE35978	Stanley	1	PARIETAL	BD	False	M	M	False	False	False	G0536	Stanley	GSM878520	GSE35978	PARIETAL	GSE35978	1.0	BD	True	M	False	
D0553	GSE35978	Stanley	3	CB,PARIETAL	SCZ	False	M	M	False	False	False	G0537	Stanley	GSM878521	GSE35978	PARIETAL	GSE35978	1.0	SCZ	True	M	False	
D0554	GSE35978	Stanley	2	CB,PARIETAL	BD	False	F	F	False	False	False	G0538	Stanley	GSM878522	GSE35978	PARIETAL	GSE35978	1.0	BD	True	F	False	
D0555	GSE35978	Stanley	2	CB,PARIETAL	MDD	False	F	F	False	False	False	G0539	Stanley	GSM878523	GSE35978	PARIETAL	GSE35978	1.0	MDD	True	F	False	
D0556	GSE35978	Stanley	1	PARIETAL	BD	False	M	M	False	False	False	G0540	Stanley	GSM878524	GSE35978	PARIETAL	GSE35978	1.0	BD	True	M	False	
D0557	GSE35978	Stanley	2	CB,PARIETAL	MDD	False	M	M	False	False	False	G0541	Stanley	GSM878525	GSE35978	PARIETAL	GSE35978	1.0	MDD	True	M	False	
D0558	GSE35978	Stanley	2	CB,PARIETAL	BD	False	M	M	False	False	False	G0542	Stanley	GSM878526	GSE35978	PARIETAL	GSE35978	1.0	BD	True	M	False	
D0559	GSE35978	Stanley	1	PARIETAL	MDD	False	M	M	False	False	False	G0543	Stanley	GSM878527	GSE35978	PARIETAL	GSE35978	1.0	MDD	True	M	False	
D0560	GSE35978	Stanley	3	CB,PARIETAL	CTL	False	F	F	False	False	False	G0544	Stanley	GSM878528	GSE35978	PARIETAL	GSE35978	1.0	CTL	True	F	False	
D0561	GSE35978	Stanley	2	CB,PARIETAL	MDD	False	F	F	False	False	False	G0545	Stanley	GSM878529	GSE35978	PARIETAL	GSE35978	1.0	MDD	True	F	False	
D0562	GSE35978	Stanley	2	CB,PARIETAL	SCZ	False	M	M	False	False	False	G0546	Stanley	GSM878530	GSE35978	PARIETAL	GSE35978	1.0	SCZ	True	M	False	
D0563	GSE35978	Stanley	2	CB,PARIETAL	CTL	False	F	F	False	False	False	G0547	Stanley	GSM878531	GSE35978	PARIETAL	GSE35978	1.0	CTL	True	F	False	
D0564	GSE35978	Stanley	2	CB,PARIETAL	CTL	False	M	M	False	False	False	G0548	Stanley	GSM878532	GSE35978	PARIETAL	GSE35978	1.0	CTL	True	M	False	
D0565	GSE35978	Stanley	1	PARIETAL	CTL	False	M	M	False	False	False	G0549	Stanley	GSM878533	GSE35978	PARIETAL	GSE35978	1.0	CTL	True	M	False	
D0566	GSE35978	Stanley	2	CB,PARIETAL	MDD	False	F	F	False	False	False	G0550	Stanley	GSM878534	GSE35978	PARIETAL	GSE35978	1.0	MDD	True	F	False	
D0567	GSE35978	Stanley	2	CB,PARIETAL	CTL	False	M	M	False	False	False	G0551	Stanley	GSM878535	GSE35978	PARIETAL	GSE35978	1.0	CTL	True	M	False	
D0568	GSE35978	Stanley	2	CB,PARIETAL	CTL	False	M	M	False	False	False	G0552	Stanley	GSM878536	GSE35978	PARIETAL	GSE35978	1.0	CTL	True	M	False	
