gsm	gse	region	dx	sex_reported	sex_expr	donor_local	donor_id	split_group	bank
GSM317385	GSE12649	PFC_BA46	BD		M	1	D0419	G0406	Stanley
GSM317386	GSE12649	PFC_BA46	BD		M	2	D0417	G0404	Stanley
GSM317387	GSE12649	PFC_BA46	SCZ		M	3	D0281	G0402	Stanley
GSM317388	GSE12649	PFC_BA46	BD		M	4	D0414	G0401	Stanley
GSM317389	GSE12649	PFC_BA46	BD		F	6	D0508	G0492	Stanley
GSM317390	GSE12649	PFC_BA46	SCZ		M	7	D0507	G0491	Stanley
GSM317391	GSE12649	PFC_BA46	BD		M	8	D0505	G0489	Stanley
GSM317392	GSE12649	PFC_BA46	SCZ		F	9	D0502	G0487	Stanley
GSM317393	GSE12649	PFC_BA46	SCZ		M	10	D0501	G0486	Stanley
GSM317394	GSE12649	PFC_BA46	SCZ		M	11	D0499	G0484	Stanley
GSM317395	GSE12649	PFC_BA46	SCZ		M	12	D0497	G0482	Stanley
GSM317396	GSE12649	PFC_BA46	BD		F	13	D0282	G0481	Stanley
GSM317397	GSE12649	PFC_BA46	BD		F	14	D0494	G0479	Stanley
GSM317398	GSE12649	PFC_BA46	CTL		F	15	D0491	G0476	Stanley
GSM317399	GSE12649	PFC_BA46	BD		M	16	D0490	G0475	Stanley
GSM317400	GSE12649	PFC_BA46	SCZ		F	17	D0488	G0473	Stanley
GSM317401	GSE12649	PFC_BA46	BD		M	18	D0486	G0471	Stanley
GSM317402	GSE12649	PFC_BA46	CTL		M	19	D0283	G0470	Stanley
GSM317403	GSE12649	PFC_BA46	BD		F	20	D0284	G0467	Stanley
GSM317404	GSE12649	PFC_BA46	BD		M	21	D0480	G0465	Stanley
GSM317405	GSE12649	PFC_BA46	SCZ		M	22	D0479	G0464	Stanley
GSM317406	GSE12649	PFC_BA46	BD		F	23	D0477	G0462	Stanley
GSM317407	GSE12649	PFC_BA46	CTL		M	24	D0474	G0459	Stanley
GSM317408	GSE12649	PFC_BA46	SCZ		M	25	D0473	G0458	Stanley
GSM317409	GSE12649	PFC_BA46	SCZ		M	26	D0471	G0456	Stanley
GSM317410	GSE12649	PFC_BA46	CTL		M	27	D0469	G0454	Stanley
GSM317411	GSE12649	PFC_BA46	BD		M	28	D0285	G0278	Stanley
GSM317412	GSE12649	PFC_BA46	CTL		M	29	D0468	G0453	Stanley
GSM317413	GSE12649	PFC_BA46	CTL		M	30	D0466	G0451	Stanley
GSM317414	GSE12649	PFC_BA46	SCZ		M	31	D0464	G0449	Stanley
GSM317415	GSE12649	PFC_BA46	BD		F	32	D0443	G0428	Stanley
GSM317416	GSE12649	PFC_BA46	CTL		F	33	D0463	G0448	Stanley
GSM317417	GSE12649	PFC_BA46	BD		F	34	D0286	G0447	Stanley
GSM317418	GSE12649	PFC_BA46	CTL		F	35	D0460	G0445	Stanley
GSM317419	GSE12649	PFC_BA46	BD		M	36	D0287	G0279	Stanley
GSM317420	GSE12649	PFC_BA46	SCZ		M	37	D0457	G0442	Stanley
GSM317421	GSE12649	PFC_BA46	CTL		M	38	D0288	G0440	Stanley
GSM317422	GSE12649	PFC_BA46	SCZ		M	39	D0454	G0439	Stanley
GSM317423	GSE12649	PFC_BA46	SCZ		M	40	D0452	G0437	Stanley
GSM317424	GSE12649	PFC_BA46	SCZ		M	41	D0451	G0436	Stanley
GSM317425	GSE12649	PFC_BA46	BD		M	42	D0449	G0434	Stanley
GSM317426	GSE12649	PFC_BA46	CTL		M	43	D0447	G0432	Stanley
GSM317427	GSE12649	PFC_BA46	SCZ		F	44	D0445	G0430	Stanley
GSM317428	GSE12649	PFC_BA46	SCZ		M	45	D0444	G0429	Stanley
GSM317429	GSE12649	PFC_BA46	BD		M	46	D0442	G0427	Stanley
GSM317430	GSE12649	PFC_BA46	SCZ		M	47	D0439	G0424	Stanley
GSM317431	GSE12649	PFC_BA46	BD		F	48	D0289	G0280	Stanley
GSM317432	GSE12649	PFC_BA46	CTL		M	49	D0432	G0460	Stanley
GSM317433	GSE12649	PFC_BA46	BD		F	50	D0290	G0281	Stanley
GSM317434	GSE12649	PFC_BA46	CTL		M	52	D0291	G0282	Stanley
GSM317435	GSE12649	PFC_BA46	CTL		F	53	D0484	G0469	Stanley
GSM317436	GSE12649	PFC_BA46	CTL		M	54	D0459	G0444	Stanley
GSM317437	GSE12649	PFC_BA46	SCZ		M	55	D0441	G0426	Stanley
GSM317438	GSE12649	PFC_BA46	CTL		F	56	D0438	G0423	Stanley
GSM317439	GSE12649	PFC_BA46	BD		M	57	D0292	G0422	Stanley
GSM317440	GSE12649	PFC_BA46	BD		F	58	D0436	G0421	Stanley
GSM317441	GSE12649	PFC_BA46	CTL		M	59	D0293	G0283	Stanley
GSM317442	GSE12649	PFC_BA46	CTL		M	60	D0434	G0419	Stanley
GSM317443	GSE12649	PFC_BA46	BD		F	61	D0433	G0418	Stanley
GSM317444	GSE12649	PFC_BA46	BD		F	62	D0431	G0417	Stanley
GSM317445	GSE12649	PFC_BA46	BD		F	63	D0430	G0416	Stanley
GSM317446	GSE12649	PFC_BA46	BD		M	64	D0429	G0415	Stanley
GSM317447	GSE12649	PFC_BA46	CTL		M	65	D0294	G0284	Stanley
GSM317448	GSE12649	PFC_BA46	SCZ		M	66	D0295	G0414	Stanley
GSM317449	GSE12649	PFC_BA46	CTL		M	67	D0426	G0413	Stanley
GSM317450	GSE12649	PFC_BA46	SCZ		F	68	D0425	G0412	Stanley
GSM317451	GSE12649	PFC_BA46	BD		F	69	D0423	G0410	Stanley
GSM317452	GSE12649	PFC_BA46	CTL		M	70	D0422	G0409	Stanley
GSM317453	GSE12649	PFC_BA46	CTL		F	71	D0421	G0408	Stanley
GSM317454	GSE12649	PFC_BA46	BD		F	72	D0420	G0407	Stanley
GSM317455	GSE12649	PFC_BA46	SCZ		M	73	D0418	G0405	Stanley
GSM317456	GSE12649	PFC_BA46	BD		F	74	D0416	G0403	Stanley
GSM317457	GSE12649	PFC_BA46	SCZ		F	75	D0296	G0495	Stanley
GSM317458	GSE12649	PFC_BA46	BD		F	76	D0509	G0493	Stanley
GSM317459	GSE12649	PFC_BA46	CTL		F	77	D0506	G0490	Stanley
GSM317460	GSE12649	PFC_BA46	SCZ		F	78	D0504	G0488	Stanley
GSM317461	GSE12649	PFC_BA46	CTL		M	79	D0500	G0485	Stanley
GSM317462	GSE12649	PFC_BA46	CTL		M	80	D0498	G0483	Stanley
GSM317463	GSE12649	PFC_BA46	SCZ		F	81	D0495	G0480	Stanley
GSM317464	GSE12649	PFC_BA46	SCZ		M	82	D0492	G0477	Stanley
GSM317465	GSE12649	PFC_BA46	CTL		M	83	D0489	G0474	Stanley
GSM317466	GSE12649	PFC_BA46	CTL		M	84	D0487	G0472	Stanley
GSM317467	GSE12649	PFC_BA46	SCZ		M	85	D0297	G0285	Stanley
GSM317468	GSE12649	PFC_BA46	CTL		M	86	D0298	G0286	Stanley
GSM317469	GSE12649	PFC_BA46	SCZ		M	87	D0478	G0463	Stanley
GSM317470	GSE12649	PFC_BA46	SCZ		M	88	D0299	G0287	Stanley
GSM317471	GSE12649	PFC_BA46	CTL		M	90	D0470	G0455	Stanley
GSM317472	GSE12649	PFC_BA46	CTL		M	91	D0299	G0287	Stanley
GSM317473	GSE12649	PFC_BA46	SCZ		M	92	D0465	G0450	Stanley
GSM317474	GSE12649	PFC_BA46	SCZ		F	93	D0461	G0446	Stanley
GSM317475	GSE12649	PFC_BA46	SCZ		M	94	D0458	G0443	Stanley
GSM317476	GSE12649	PFC_BA46	CTL		M	95	D0300	G0441	Stanley
GSM317477	GSE12649	PFC_BA46	CTL		M	96	D0453	G0438	Stanley
GSM317478	GSE12649	PFC_BA46	SCZ		M	97	D0450	G0435	Stanley
GSM317479	GSE12649	PFC_BA46	BD		M	98	D0301	G0288	Stanley
GSM317480	GSE12649	PFC_BA46	CTL		F	99	D0446	G0431	Stanley
GSM317481	GSE12649	PFC_BA46	SCZ		F	100	D0440	G0425	Stanley
GSM317482	GSE12649	PFC_BA46	SCZ		M	101	D0435	G0420	Stanley
GSM317483	GSE12649	PFC_BA46	BD		M	102	D0424	G0411	Stanley
GSM317484	GSE12649	PFC_BA46	CTL		M	103	D0302	G0289	Stanley
GSM317485	GSE12649	PFC_BA46	BD		M	104	D0503	G0460	Stanley
GSM317486	GSE12649	PFC_BA46	CTL		F	105	D0303	G0290	Stanley
GSM439778	GSE17612	PFC_BA10	SCZ	M	M	S014	D0304	G0291	CharingCross
GSM439779	GSE17612	PFC_BA10	CTL	M	M	C017	D0305	G0292	CharingCross
GSM439780	GSE17612	PFC_BA10	CTL	F	F	C011	D0306	G0293	CharingCross
GSM439781	GSE17612	PFC_BA10	SCZ	F	F	S017	D0307	G0294	CharingCross
GSM439782	GSE17612	PFC_BA10	CTL	M	M	C013	D0308	G0295	CharingCross
GSM439783	GSE17612	PFC_BA10	CTL	F	F	C028	D0309	G0296	CharingCross
GSM439784	GSE17612	PFC_BA10	SCZ	M	M	S025	D0310	G0297	CharingCross
GSM439785	GSE17612	PFC_BA10	SCZ	M	M	S021	D0311	G0298	CharingCross
GSM439786	GSE17612	PFC_BA10	SCZ	M	M	S027	D0312	G0299	CharingCross
GSM439787	GSE17612	PFC_BA10	CTL	F	F	C010	D0313	G0300	CharingCross
GSM439788	GSE17612	PFC_BA10	CTL		M	C014	D0314	G0301	CharingCross
GSM439789	GSE17612	PFC_BA10	CTL	M	M	C007	D0315	G0302	CharingCross
GSM439790	GSE17612	PFC_BA10	SCZ	F	F	S013	D0316	G0303	CharingCross
GSM439791	GSE17612	PFC_BA10	SCZ	M	M	S024	D0317	G0304	CharingCross
GSM439792	GSE17612	PFC_BA10	CTL	F	F	C024	D0318	G0305	CharingCross
GSM439793	GSE17612	PFC_BA10	CTL	M	M	C027	D0319	G0306	CharingCross
GSM439794	GSE17612	PFC_BA10	SCZ	M	M	S015	D0320	G0307	CharingCross
GSM439795	GSE17612	PFC_BA10	SCZ	F	F	S008	D0321	G0308	CharingCross
GSM439796	GSE17612	PFC_BA10	SCZ	M	M	S002	D0322	G0309	CharingCross
GSM439797	GSE17612	PFC_BA10	CTL	M	M	C015	D0323	G0310	CharingCross
GSM439798	GSE17612	PFC_BA10	SCZ	M	M	S005	D0324	G0311	CharingCross
GSM439799	GSE17612	PFC_BA10	CTL	M	M	C026	D0325	G0312	CharingCross
GSM439800	GSE17612	PFC_BA10	SCZ	F	F	S028	D0326	G0313	CharingCross
GSM439801	GSE17612	PFC_BA10	SCZ	M	M	S009	D0327	G0314	CharingCross
GSM439802	GSE17612	PFC_BA10	CTL	F	F	C002	D0328	G0315	CharingCross
GSM439803	GSE17612	PFC_BA10	SCZ	M	M	S026	D0329	G0316	CharingCross
GSM439804	GSE17612	PFC_BA10	CTL	M	M	C021	D0330	G0317	CharingCross
GSM439805	GSE17612	PFC_BA10	SCZ	F	F	S020	D0331	G0318	CharingCross
GSM439806	GSE17612	PFC_BA10	SCZ	M	M	S031	D0332	G0319	CharingCross
GSM439807	GSE17612	PFC_BA10	SCZ	F	F	S004	D0333	G0320	CharingCross
GSM439808	GSE17612	PFC_BA10	CTL	F	F	C008	D0334	G0321	CharingCross
GSM439809	GSE17612	PFC_BA10	SCZ	M	M	S012	D0335	G0322	CharingCross
GSM439810	GSE17612	PFC_BA10	CTL	F	F	C019	D0336	G0323	CharingCross
GSM439811	GSE17612	PFC_BA10	SCZ	F	F	S001	D0337	G0324	CharingCross
GSM439812	GSE17612	PFC_BA10	CTL	F	F	C022	D0338	G0325	CharingCross
GSM439813	GSE17612	PFC_BA10	SCZ	M	M	S033	D0339	G0326	CharingCross
GSM439814	GSE17612	PFC_BA10	CTL	M	M	C016	D0340	G0327	CharingCross
GSM439815	GSE17612	PFC_BA10	SCZ	M	M	S019	D0341	G0328	CharingCross
GSM439816	GSE17612	PFC_BA10	CTL	M	M	C023	D0342	G0329	CharingCross
GSM439817	GSE17612	PFC_BA10	SCZ	M	M	S006	D0343	G0330	CharingCross
GSM439818	GSE17612	PFC_BA10	CTL	F	F	C006	D0344	G0331	CharingCross
GSM439819	GSE17612	PFC_BA10	CTL	M	M	C005	D0345	G0332	CharingCross
GSM439820	GSE17612	PFC_BA10	SCZ	F	F	S023	D0346	G0333	CharingCross
GSM439821	GSE17612	PFC_BA10	SCZ	M	M	S010	D0347	G0334	CharingCross
GSM439822	GSE17612	PFC_BA10	CTL	M	M	C020	D0348	G0335	CharingCross
GSM439823	GSE17612	PFC_BA10	SCZ	M	M	S011	D0349	G0336	CharingCross
GSM439824	GSE17612	PFC_BA10	SCZ	M	M	S022	D0350	G0337	CharingCross
GSM439825	GSE17612	PFC_BA10	CTL	F	F	C025	D0351	G0338	CharingCross
GSM439826	GSE17612	PFC_BA10	CTL	F	F	C018	D0352	G0339	CharingCross
GSM439827	GSE17612	PFC_BA10	SCZ	F	F	S007	D0353	G0340	CharingCross
GSM439828	GSE17612	PFC_BA10	SCZ	M	M	S032	D0354	G0341	CharingCross
GSM528831	GSE21138	PFC_BA46	CTL	M	M	Control-1	D0355	G0342	Victoria
GSM528832	GSE21138	PFC_BA46	CTL	M	M	Control-2	D0356	G0343	Victoria
GSM528833	GSE21138	PFC_BA46	CTL	M	M	Control-3	D0357	G0344	Victoria
GSM528834	GSE21138	PFC_BA46	CTL	M	M	Control-4	D0358	G0345	Victoria
GSM528835	GSE21138	PFC_BA46	CTL	M	M	Control-5	D0359	G0346	Victoria
GSM528836	GSE21138	PFC_BA46	CTL	M	M	Control-6	D0360	G0347	Victoria
GSM528837	GSE21138	PFC_BA46	CTL	F	F	Control-8	D0361	G0348	Victoria
GSM528838	GSE21138	PFC_BA46	CTL	M	M	Control-9	D0362	G0349	Victoria
GSM528839	GSE21138	PFC_BA46	CTL	M	MIXED	Control-10	D0363	G0350	Victoria
GSM528840	GSE21138	PFC_BA46	CTL	M	MIXED	Control-11	D0363	G0350	Victoria
GSM528841	GSE21138	PFC_BA46	CTL	F	F	Control-12	D0364	G0351	Victoria
GSM528842	GSE21138	PFC_BA46	CTL	M	M	Control-13	D0365	G0352	Victoria
GSM528843	GSE21138	PFC_BA46	CTL	M	M	Control-14	D0366	G0353	Victoria
GSM528844	GSE21138	PFC_BA46	CTL	M	M	Control-15	D0367	G0354	Victoria
GSM528845	GSE21138	PFC_BA46	CTL	M	M	Control-16	D0368	G0355	Victoria
GSM528846	GSE21138	PFC_BA46	CTL	M	M	Control-17	D0369	G0356	Victoria
GSM528847	GSE21138	PFC_BA46	CTL	M	M	Control-18	D0370	G0357	Victoria
GSM528848	GSE21138	PFC_BA46	CTL	M	M	Control-19	D0371	G0358	Victoria
GSM528849	GSE21138	PFC_BA46	CTL	M	M	Control-20	D0372	G0359	Victoria
GSM528850	GSE21138	PFC_BA46	CTL	F	F	Control-21	D0373	G0360	Victoria
GSM528851	GSE21138	PFC_BA46	CTL	F	F	Control-22	D0374	G0361	Victoria
GSM528852	GSE21138	PFC_BA46	CTL	M	M	Control-23	D0375	G0362	Victoria
GSM528853	GSE21138	PFC_BA46	CTL	M	M	Control-24	D0376	G0363	Victoria
GSM528854	GSE21138	PFC_BA46	CTL	M	M	Control-25	D0377	G0364	Victoria
GSM528855	GSE21138	PFC_BA46	CTL	M	M	Control-26	D0378	G0365	Victoria
GSM528856	GSE21138	PFC_BA46	CTL	M	M	Control-27	D0379	G0366	Victoria
GSM528857	GSE21138	PFC_BA46	CTL	M	M	Control-28	D0380	G0367	Victoria
GSM528858	GSE21138	PFC_BA46	CTL	F	F	Control-29	D0381	G0368	Victoria
GSM528859	GSE21138	PFC_BA46	CTL	M	M	Control-30	D0382	G0369	Victoria
GSM528860	GSE21138	PFC_BA46	SCZ	M	M	Scz-1	D0383	G0370	Victoria
GSM528861	GSE21138	PFC_BA46	SCZ	M	M	Scz-2	D0384	G0371	Victoria
GSM528862	GSE21138	PFC_BA46	SCZ	M	M	Scz-3	D0385	G0372	Victoria
GSM528863	GSE21138	PFC_BA46	SCZ	M	M	Scz-4	D0386	G0373	Victoria
GSM528864	GSE21138	PFC_BA46	SCZ	M	M	Scz-5	D0387	G0374	Victoria
GSM528865	GSE21138	PFC_BA46	SCZ	M	M	Scz-6	D0388	G0375	Victoria
GSM528866	GSE21138	PFC_BA46	SCZ	F	F	Scz-7	D0389	G0376	Victoria
GSM528867	GSE21138	PFC_BA46	SCZ	F	F	Scz-8	D0390	G0377	Victoria
GSM528868	GSE21138	PFC_BA46	SCZ	M	M	Scz-9	D0391	G0378	Victoria
GSM528869	GSE21138	PFC_BA46	SCZ	M	M	Scz-10	D0392	G0379	Victoria
GSM528870	GSE21138	PFC_BA46	SCZ	M	M	Scz-11	D0393	G0380	Victoria
GSM528871	GSE21138	PFC_BA46	SCZ	F	F	Scz-12	D0394	G0381	Victoria
GSM528872	GSE21138	PFC_BA46	SCZ	M	M	Scz-13	D0395	G0382	Victoria
GSM528873	GSE21138	PFC_BA46	SCZ	M	M	Scz-14	D0396	G0383	Victoria
GSM528874	GSE21138	PFC_BA46	SCZ	M	M	Scz-15	D0397	G0384	Victoria
GSM528875	GSE21138	PFC_BA46	SCZ	M	M	Scz-16	D0398	G0385	Victoria
GSM528876	GSE21138	PFC_BA46	SCZ	M	M	Scz-17	D0399	G0386	Victoria
GSM528877	GSE21138	PFC_BA46	SCZ	M	M	Scz-18	D0400	G0387	Victoria
GSM528878	GSE21138	PFC_BA46	SCZ	M	M	Scz-19	D0401	G0388	Victoria
GSM528879	GSE21138	PFC_BA46	SCZ	M	M	Scz-20	D0402	G0389	Victoria
GSM528880	GSE21138	PFC_BA46	SCZ	F	M	Scz-21	D0403	G0390	Victoria
GSM528881	GSE21138	PFC_BA46	SCZ	F	F	Scz-22	D0404	G0391	Victoria
GSM528882	GSE21138	PFC_BA46	SCZ	M	M	Scz-23	D0405	G0392	Victoria
GSM528883	GSE21138	PFC_BA46	SCZ	M	M	Scz-24	D0406	G0393	Victoria
GSM528884	GSE21138	PFC_BA46	SCZ	M	M	Scz-25	D0407	G0394	Victoria
GSM528885	GSE21138	PFC_BA46	SCZ	M	M	Scz-26	D0408	G0395	Victoria
GSM528886	GSE21138	PFC_BA46	SCZ	M	M	Scz-27	D0409	G0396	Victoria
GSM528887	GSE21138	PFC_BA46	SCZ	M	M	Scz-28	D0410	G0397	Victoria
GSM528888	GSE21138	PFC_BA46	SCZ	F	F	Scz-29	D0411	G0398	Victoria
GSM528889	GSE21138	PFC_BA46	SCZ	M	M	Scz-30	D0412	G0399	Victoria
GSM878214	GSE35978	CB	BD	M	M	k0	D0419	G0406	Stanley
GSM878215	GSE35978	CB	SCZ	M	M	k1	D0501	G0486	Stanley
GSM878216	GSE35978	CB	SCZ	F	F	k2	D0440	G0425	Stanley
GSM878217	GSE35978	CB	SCZ	M	M	k3	D0435	G0420	Stanley
GSM878218	GSE35978	CB	SCZ	M	M	k3	D0435	G0420	Stanley
GSM878219	GSE35978	CB	SCZ	M	M	k3	D0435	G0420	Stanley
GSM878220	GSE35978	CB	BD	M	M	k4	D0424	G0411	Stanley
GSM878221	GSE35978	CB	CTL	M	M	k5	D0503	G0460	Stanley
GSM878222	GSE35978	CB	BD	M	M	k6	D0475	G0460	Stanley
GSM878223	GSE35978	CB	SCZ	M	M	k7	D0499	G0484	Stanley
GSM878224	GSE35978	CB	SCZ	M	M	k8	D0497	G0482	Stanley
GSM878225	GSE35978	CB	BD	F	F	k9	D0494	G0479	Stanley
GSM878226	GSE35978	CB	CTL	F	F	k10	D0491	G0476	Stanley
GSM878227	GSE35978	CB	BD	M	M	k11	D0490	G0475	Stanley
GSM878228	GSE35978	CB	SCZ	F	F	k12	D0488	G0473	Stanley
GSM878229	GSE35978	CB	BD	M	M	k13	D0486	G0471	Stanley
GSM878230	GSE35978	CB	CTL	M	M	k14	D0485	G0470	Stanley
GSM878231	GSE35978	CB	BD	M	M	k15	D0417	G0404	Stanley
GSM878232	GSE35978	CB	BD	F	F	k16	D0482	G0467	Stanley
GSM878233	GSE35978	CB	BD	M	M	k17	D0480	G0465	Stanley
GSM878234	GSE35978	CB	SCZ	M	M	k18	D0479	G0464	Stanley
GSM878235	GSE35978	CB	BD	F	F	k19	D0477	G0462	Stanley
GSM878236	GSE35978	CB	CTL	M	M	k20	D0474	G0459	Stanley
GSM878237	GSE35978	CB	SCZ	M	M	k21	D0473	G0458	Stanley
GSM878238	GSE35978	CB	SCZ	M	M	k22	D0471	G0456	Stanley
GSM878239	GSE35978	CB	CTL	M	M	k23	D0469	G0454	Stanley
GSM878240	GSE35978	CB	CTL	M	M	k24	D0468	G0453	Stanley
GSM878241	GSE35978	CB	SCZ	M	M	k25	D0415	G0402	Stanley
GSM878242	GSE35978	CB	CTL	M	M	k26	D0466	G0451	Stanley
GSM878243	GSE35978	CB	BD	F	F	k27	D0443	G0428	Stanley
GSM878244	GSE35978	CB	BD	F	F	k28	D0462	G0447	Stanley
GSM878245	GSE35978	CB	CTL	F	F	k29	D0460	G0445	Stanley
GSM878246	GSE35978	CB	SCZ	M	M	k30	D0457	G0442	Stanley
GSM878247	GSE35978	CB	SCZ	M	M	k31	D0454	G0439	Stanley
GSM878248	GSE35978	CB	BD	M	M	k32	D0414	G0401	Stanley
GSM878249	GSE35978	CB	SCZ	M	M	k33	D0452	G0437	Stanley
GSM878250	GSE35978	CB	SCZ	M	M	k34	D0451	G0436	Stanley
GSM878251	GSE35978	CB	BD	M	M	k35	D0449	G0434	Stanley
GSM878252	GSE35978	CB	CTL	M	M	k36	D0447	G0432	Stanley
GSM878253	GSE35978	CB	SCZ	F	F	k37	D0445	G0430	Stanley
GSM878254	GSE35978	CB	SCZ	M	M	k38	D0444	G0429	Stanley
GSM878255	GSE35978	CB	BD	M	M	k39	D0442	G0427	Stanley
GSM878256	GSE35978	CB	SCZ	M	M	k40	D0439	G0424	Stanley
GSM878257	GSE35978	CB	CTL	M	M	k41	D0432	G0460	Stanley
GSM878258	GSE35978	CB	CTL	M	M	k42	D0413	G0400	Stanley
GSM878259	GSE35978	CB	CTL	M	M	k43	D0493	G0478	Stanley
GSM878260	GSE35978	CB	CTL	F	F	k44	D0484	G0469	Stanley
GSM878261	GSE35978	CB	CTL	M	M	k45	D0459	G0444	Stanley
GSM878262	GSE35978	CB	SCZ	M	M	k46	D0441	G0426	Stanley
GSM878263	GSE35978	CB	CTL	F	F	k47	D0438	G0423	Stanley
GSM878264	GSE35978	CB	BD	M	M	k48	D0437	G0422	Stanley
GSM878265	GSE35978	CB	BD	F	F	k49	D0436	G0421	Stanley
GSM878266	GSE35978	CB	BD	F	F	k49	D0436	G0421	Stanley
GSM878267	GSE35978	CB	BD	F	F	k50	D0508	G0492	Stanley
GSM878268	GSE35978	CB	CTL	M	M	k51	D0434	G0419	Stanley
GSM878269	GSE35978	CB	BD	F	F	k52	D0433	G0418	Stanley
GSM878270	GSE35978	CB	BD	F	F	k53	D0431	G0417	Stanley
GSM878271	GSE35978	CB	BD	F	F	k54	D0430	G0416	Stanley
GSM878272	GSE35978	CB	BD	M	M	k55	D0429	G0415	Stanley
GSM878273	GSE35978	CB	CTL	M	M	k56	D0428	G0419	Stanley
GSM878274	GSE35978	CB	SCZ	M	M	k57	D0427	G0414	Stanley
GSM878275	GSE35978	CB	CTL	M	M	k58	D0426	G0413	Stanley
GSM878276	GSE35978	CB	SCZ	F	F	k59	D0425	G0412	Stanley
GSM878277	GSE35978	CB	SCZ	F	F	k59	D0425	G0412	Stanley
GSM878278	GSE35978	CB	BD	F	F	k60	D0423	G0410	Stanley
GSM878279	GSE35978	CB	SCZ	M	M	k61	D0507	G0491	Stanley
GSM878280	GSE35978	CB	CTL	M	M	k62	D0422	G0409	Stanley
GSM878281	GSE35978	CB	CTL	F	F	k63	D0421	G0408	Stanley
GSM878282	GSE35978	CB	BD	F	F	k64	D0420	G0407	Stanley
GSM878283	GSE35978	CB	SCZ	M	M	k65	D0418	G0405	Stanley
GSM878284	GSE35978	CB	BD	F	F	k66	D0416	G0403	Stanley
GSM878285	GSE35978	CB	SCZ	F	F	k67	D0511	G0495	Stanley
GSM878286	GSE35978	CB	CTL	F	F	k68	D0506	G0490	Stanley
GSM878287	GSE35978	CB	SCZ	F	F	k69	D0504	G0488	Stanley
GSM878288	GSE35978	CB	CTL	M	M	k70	D0500	G0485	Stanley
GSM878289	GSE35978	CB	BD	M	M	k71	D0505	G0489	Stanley
GSM878290	GSE35978	CB	CTL	M	M	k72	D0498	G0483	Stanley
GSM878291	GSE35978	CB	SCZ	F	F	k73	D0495	G0480	Stanley
GSM878292	GSE35978	CB	SCZ	M	M	k74	D0492	G0477	Stanley
GSM878293	GSE35978	CB	CTL	M	M	k75	D0489	G0474	Stanley
GSM878294	GSE35978	CB	CTL	M	M	k76	D0487	G0472	Stanley
GSM878295	GSE35978	CB	CTL	M	M	k77	D0481	G0466	Stanley
GSM878296	GSE35978	CB	SCZ	M	M	k78	D0478	G0463	Stanley
GSM878297	GSE35978	CB	SCZ	M	M	k79	D0476	G0461	Stanley
GSM878298	GSE35978	CB	BD	F	F	k80	D0472	G0457	Stanley
GSM878299	GSE35978	CB	SCZ	F	F	k81	D0502	G0487	Stanley
GSM878300	GSE35978	CB	CTL	M	M	k82	D0470	G0455	Stanley
GSM878301	GSE35978	CB	CTL	M	M	k83	D0467	G0452	Stanley
GSM878302	GSE35978	CB	SCZ	M	M	k84	D0465	G0450	Stanley
GSM878303	GSE35978	CB	SCZ	F	F	k85	D0461	G0446	Stanley
GSM878304	GSE35978	CB	SCZ	M	M	k86	D0458	G0443	Stanley
GSM878305	GSE35978	CB	CTL	M	M	k87	D0456	G0441	Stanley
GSM878306	GSE35978	CB	CTL	M	M	k88	D0453	G0438	Stanley
GSM878307	GSE35978	CB	CTL	F	F	k89	D0446	G0431	Stanley
GSM878308	GSE35978	CB	MDD	M	M	k90	D0557	G0541	Stanley
GSM878309	GSE35978	CB	CTL	M	M	k91	D0525	G0509	Stanley
GSM878310	GSE35978	CB	CTL	M	M	k92	D0522	G0506	Stanley
GSM878311	GSE35978	CB	BD	M	M	k93	D0543	G0527	Stanley
GSM878312	GSE35978	CB	MDD	F	F	k94	D0555	G0539	Stanley
GSM878313	GSE35978	CB	CTL	F	F	k95	D0547	G0531	Stanley
GSM878314	GSE35978	CB	CTL	F	F	k96	D0526	G0510	Stanley
GSM878315	GSE35978	CB	MDD	F	F	k97	D0561	G0545	Stanley
GSM878316	GSE35978	CB	MDD	M	M	k98	D0533	G0517	Stanley
GSM878317	GSE35978	CB	MDD	M	M	k98	D0533	G0517	Stanley
GSM878318	GSE35978	CB	MDD	M	M	k99	D0532	G0516	Stanley
GSM878319	GSE35978	CB	MDD	F	F	k100	D0566	G0550	Stanley
GSM878320	GSE35978	CB	MDD	M	M	k101	D0549	G0533	Stanley
GSM878321	GSE35978	CB	CTL	M	M	k102	D0568	G0552	Stanley
GSM878322	GSE35978	CB	CTL	M	M	k103	D0564	G0548	Stanley
GSM878323	GSE35978	CB	SCZ	M	M	k104	D0553	G0537	Stanley
GSM878324	GSE35978	CB	SCZ	M	M	k104	D0553	G0537	Stanley
GSM878325	GSE35978	CB	BD	F	F	k105	D0531	G0515	Stanley
GSM878326	GSE35978	CB	BD	M	M	k106	D0519	G0503	Stanley
GSM878327	GSE35978	CB	SCZ	F	F	k107	D0529	G0513	Stanley
GSM878328	GSE35978	CB	SCZ	M	M	k108	D0539	G0523	Stanley
GSM878329	GSE35978	CB	BD	M	M	k109	D0535	G0519	Stanley
GSM878330	GSE35978	CB	CTL	F	F	k110	D0514	G0498	Stanley
GSM878331	GSE35978	CB	CTL	F	F	k110	D0514	G0498	Stanley
GSM878332	GSE35978	CB	CTL	F	F	k110	D0514	G0498	Stanley
GSM878333	GSE35978	CB	CTL	F	F	k110	D0514	G0498	Stanley
GSM878334	GSE35978	CB	CTL	F	F	k110	D0514	G0498	Stanley
GSM878335	GSE35978	CB	CTL	F	F	k110	D0514	G0498	Stanley
GSM878336	GSE35978	CB	CTL	M	M	k111	D0542	G0526	Stanley
GSM878337	GSE35978	CB	CTL	M	M	k112	D0567	G0551	Stanley
GSM878338	GSE35978	CB	CTL	M	M	k113	D0524	G0508	Stanley
GSM878339	GSE35978	CB	BD	F	F	k114	D0554	G0538	Stanley
GSM878340	GSE35978	CB	MDD	M	M	k115	D0518	G0502	Stanley
GSM878341	GSE35978	CB	SCZ	M	M	k116	D0562	G0546	Stanley
GSM878342	GSE35978	CB	BD	M	M	k117	D0558	G0542	Stanley
GSM878343	GSE35978	CB	MDD	F	F	k118	D0538	G0522	Stanley
GSM878344	GSE35978	CB	BD	F	F	k119	D0521	G0505	Stanley
GSM878345	GSE35978	CB	CTL	F	F	k120	D0563	G0547	Stanley
GSM878346	GSE35978	CB	SCZ	M	M	k121	D0540	G0524	Stanley
GSM878347	GSE35978	CB	CTL	F	F	k122	D0551	G0535	Stanley
GSM878348	GSE35978	CB	BD	M	M	k123	D0536	G0520	Stanley
GSM878349	GSE35978	CB	SCZ	M	M	k124	D0546	G0530	Stanley
GSM878350	GSE35978	CB	MDD	M	M	k125	D0534	G0518	Stanley
GSM878351	GSE35978	CB	MDD	M	M	k126	D0545	G0529	Stanley
GSM878352	GSE35978	CB	SCZ	F	F	k127	D0550	G0534	Stanley
GSM878353	GSE35978	CB	CTL	F	F	k128	D0560	G0544	Stanley
GSM878354	GSE35978	CB	CTL	F	F	k128	D0560	G0544	Stanley
GSM878355	GSE35978	CB	MDD	F	F	k129	D0517	G0501	Stanley
GSM878356	GSE35978	CB	BD	M	M	k130	D0520	G0504	Stanley
GSM878357	GSE35978	CB	SCZ	M	M	k131	D0515	G0499	Stanley
GSM878376	GSE35978	PARIETAL	CTL	M	M	k42	D0413	G0400	Stanley
GSM878377	GSE35978	PARIETAL	BD	M	M	k32	D0414	G0401	Stanley
GSM878378	GSE35978	PARIETAL	SCZ	M	M	k25	D0415	G0402	Stanley
GSM878379	GSE35978	PARIETAL	BD	F	F	k66	D0416	G0403	Stanley
GSM878380	GSE35978	PARIETAL	BD	M	M	k15	D0417	G0404	Stanley
GSM878381	GSE35978	PARIETAL	SCZ	M	M	k65	D0418	G0405	Stanley
GSM878382	GSE35978	PARIETAL	BD	M	M	k0	D0419	G0406	Stanley
GSM878383	GSE35978	PARIETAL	BD	F	F	k64	D0420	G0407	Stanley
GSM878384	GSE35978	PARIETAL	CTL	F	F	k63	D0421	G0408	Stanley
GSM878385	GSE35978	PARIETAL	CTL	M	M	k62	D0422	G0409	Stanley
GSM878386	GSE35978	PARIETAL	BD	F	F	k60	D0423	G0410	Stanley
GSM878387	GSE35978	PARIETAL	BD	M	M	k4	D0424	G0411	Stanley
GSM878388	GSE35978	PARIETAL	SCZ	F	F	k59	D0425	G0412	Stanley
GSM878389	GSE35978	PARIETAL	CTL	M	M	k58	D0426	G0413	Stanley
GSM878390	GSE35978	PARIETAL	SCZ	M	M	k57	D0427	G0414	Stanley
GSM878391	GSE35978	PARIETAL	CTL	M	M	k56	D0428	G0419	Stanley
GSM878392	GSE35978	PARIETAL	BD	M	M	k55	D0429	G0415	Stanley
GSM878393	GSE35978	PARIETAL	BD	F	F	k54	D0430	G0416	Stanley
GSM878394	GSE35978	PARIETAL	BD	F	F	k53	D0431	G0417	Stanley
GSM878395	GSE35978	PARIETAL	CTL	M	M	k41	D0432	G0460	Stanley
GSM878396	GSE35978	PARIETAL	BD	F	F	k52	D0433	G0418	Stanley
GSM878397	GSE35978	PARIETAL	CTL	M	M	k51	D0434	G0419	Stanley
GSM878398	GSE35978	PARIETAL	SCZ	M	M	k3	D0435	G0420	Stanley
GSM878399	GSE35978	PARIETAL	BD	F	F	k49	D0436	G0421	Stanley
GSM878400	GSE35978	PARIETAL	BD	M	M	k48	D0437	G0422	Stanley
GSM878401	GSE35978	PARIETAL	CTL	F	F	k47	D0438	G0423	Stanley
GSM878402	GSE35978	PARIETAL	SCZ	M	M	k40	D0439	G0424	Stanley
GSM878403	GSE35978	PARIETAL	SCZ	F	F	k2	D0440	G0425	Stanley
GSM878404	GSE35978	PARIETAL	SCZ	M	M	k46	D0441	G0426	Stanley
GSM878405	GSE35978	PARIETAL	BD	M	M	k39	D0442	G0427	Stanley
GSM878406	GSE35978	PARIETAL	BD	F	F	k27	D0443	G0428	Stanley
GSM878407	GSE35978	PARIETAL	SCZ	M	M	k38	D0444	G0429	Stanley
GSM878408	GSE35978	PARIETAL	SCZ	F	F	k37	D0445	G0430	Stanley
GSM878409	GSE35978	PARIETAL	CTL	F	F	k89	D0446	G0431	Stanley
GSM878410	GSE35978	PARIETAL	CTL	M	M	k36	D0447	G0432	Stanley
GSM878411	GSE35978	PARIETAL	BD	M	M	k132	D0448	G0433	Stanley
GSM878412	GSE35978	PARIETAL	BD	M	M	k35	D0449	G0434	Stanley
GSM878413	GSE35978	PARIETAL	SCZ	M	M	k133	D0450	G0435	Stanley
GSM878414	GSE35978	PARIETAL	SCZ	M	M	k34	D0451	G0436	Stanley
GSM878415	GSE35978	PARIETAL	SCZ	M	M	k33	D0452	G0437	Stanley
GSM878416	GSE35978	PARIETAL	SCZ	M	M	k33	D0452	G0437	Stanley
GSM878417	GSE35978	PARIETAL	CTL	M	M	k88	D0453	G0438	Stanley
GSM878418	GSE35978	PARIETAL	SCZ	M	M	k31	D0454	G0439	Stanley
GSM878419	GSE35978	PARIETAL	CTL	M	M	k134	D0455	G0440	Stanley
GSM878420	GSE35978	PARIETAL	CTL	M	M	k87	D0456	G0441	Stanley
GSM878421	GSE35978	PARIETAL	SCZ	M	M	k30	D0457	G0442	Stanley
GSM878422	GSE35978	PARIETAL	SCZ	M	M	k86	D0458	G0443	Stanley
GSM878423	GSE35978	PARIETAL	CTL	M	M	k45	D0459	G0444	Stanley
GSM878425	GSE35978	PARIETAL	CTL	F	F	k29	D0460	G0445	Stanley
GSM878426	GSE35978	PARIETAL	SCZ	F	F	k85	D0461	G0446	Stanley
GSM878427	GSE35978	PARIETAL	BD	F	M	k28	D0462	G0447	Stanley
GSM878428	GSE35978	PARIETAL	CTL	F	F	k136	D0463	G0448	Stanley
GSM878429	GSE35978	PARIETAL	SCZ	M	M	k137	D0464	G0449	Stanley
GSM878430	GSE35978	PARIETAL	SCZ	M	M	k84	D0465	G0450	Stanley
GSM878431	GSE35978	PARIETAL	CTL	M	M	k26	D0466	G0451	Stanley
GSM878432	GSE35978	PARIETAL	CTL	M	M	k83	D0467	G0452	Stanley
GSM878433	GSE35978	PARIETAL	CTL	M	M	k24	D0468	G0453	Stanley
GSM878434	GSE35978	PARIETAL	CTL	M	M	k23	D0469	G0454	Stanley
GSM878435	GSE35978	PARIETAL	CTL	M	M	k82	D0470	G0455	Stanley
GSM878436	GSE35978	PARIETAL	SCZ	M	M	k22	D0471	G0456	Stanley
GSM878437	GSE35978	PARIETAL	BD	F	F	k80	D0472	G0457	Stanley
GSM878438	GSE35978	PARIETAL	SCZ	M	M	k21	D0473	G0458	Stanley
GSM878439	GSE35978	PARIETAL	CTL	M	M	k20	D0474	G0459	Stanley
GSM878440	GSE35978	PARIETAL	BD	M	M	k6	D0475	G0460	Stanley
GSM878441	GSE35978	PARIETAL	SCZ	M	M	k79	D0476	G0461	Stanley
GSM878442	GSE35978	PARIETAL	BD	F	F	k19	D0477	G0462	Stanley
GSM878443	GSE35978	PARIETAL	SCZ	M	M	k78	D0478	G0463	Stanley
GSM878444	GSE35978	PARIETAL	SCZ	M	M	k18	D0479	G0464	Stanley
GSM878445	GSE35978	PARIETAL	BD	M	M	k17	D0480	G0465	Stanley
GSM878446	GSE35978	PARIETAL	CTL	M	M	k77	D0481	G0466	Stanley
GSM878447	GSE35978	PARIETAL	BD	F	F	k16	D0482	G0467	Stanley
GSM878448	GSE35978	PARIETAL	SCZ	M	M	k138	D0483	G0468	Stanley
GSM878449	GSE35978	PARIETAL	CTL	F	F	k44	D0484	G0469	Stanley
GSM878450	GSE35978	PARIETAL	CTL	M	M	k14	D0485	G0470	Stanley
GSM878451	GSE35978	PARIETAL	BD	M	M	k13	D0486	G0471	Stanley
GSM878452	GSE35978	PARIETAL	CTL	M	M	k76	D0487	G0472	Stanley
GSM878453	GSE35978	PARIETAL	SCZ	F	F	k12	D0488	G0473	Stanley
GSM878454	GSE35978	PARIETAL	CTL	M	M	k75	D0489	G0474	Stanley
GSM878455	GSE35978	PARIETAL	BD	M	M	k11	D0490	G0475	Stanley
GSM878456	GSE35978	PARIETAL	CTL	F	F	k10	D0491	G0476	Stanley
GSM878457	GSE35978	PARIETAL	SCZ	M	M	k74	D0492	G0477	Stanley
GSM878458	GSE35978	PARIETAL	CTL	M	M	k43	D0493	G0478	Stanley
GSM878459	GSE35978	PARIETAL	BD	F	F	k9	D0494	G0479	Stanley
GSM878460	GSE35978	PARIETAL	SCZ	F	F	k73	D0495	G0480	Stanley
GSM878461	GSE35978	PARIETAL	BD	F	F	k139	D0496	G0481	Stanley
GSM878462	GSE35978	PARIETAL	SCZ	M	M	k8	D0497	G0482	Stanley
GSM878463	GSE35978	PARIETAL	CTL	M	M	k72	D0498	G0483	Stanley
GSM878464	GSE35978	PARIETAL	SCZ	M	M	k7	D0499	G0484	Stanley
GSM878465	GSE35978	PARIETAL	CTL	M	M	k70	D0500	G0485	Stanley
GSM878466	GSE35978	PARIETAL	CTL	M	M	k70	D0500	G0485	Stanley
GSM878467	GSE35978	PARIETAL	SCZ	M	M	k1	D0501	G0486	Stanley
GSM878468	GSE35978	PARIETAL	SCZ	F	F	k81	D0502	G0487	Stanley
GSM878469	GSE35978	PARIETAL	CTL	M	M	k5	D0503	G0460	Stanley
GSM878470	GSE35978	PARIETAL	SCZ	F	F	k69	D0504	G0488	Stanley
GSM878471	GSE35978	PARIETAL	BD	M	M	k71	D0505	G0489	Stanley
GSM878472	GSE35978	PARIETAL	CTL	F	F	k68	D0506	G0490	Stanley
GSM878473	GSE35978	PARIETAL	SCZ	M	M	k61	D0507	G0491	Stanley
GSM878474	GSE35978	PARIETAL	BD	F	F	k50	D0508	G0492	Stanley
GSM878475	GSE35978	PARIETAL	BD	F	F	k140	D0509	G0493	Stanley
GSM878476	GSE35978	PARIETAL	BD	M	M	k141	D0510	G0494	Stanley
GSM878477	GSE35978	PARIETAL	SCZ	F	F	k67	D0511	G0495	Stanley
GSM878478	GSE35978	PARIETAL	CTL	F	F	k110	D0514	G0498	Stanley
GSM878479	GSE35978	PARIETAL	BD	F	F	k142	D0512	G0496	Stanley
GSM878480	GSE35978	PARIETAL	BD	F	F	k143	D0513	G0497	Stanley
GSM878481	GSE35978	PARIETAL	CTL	F	F	k110	D0514	G0498	Stanley
GSM878482	GSE35978	PARIETAL	SCZ	M	M	k131	D0515	G0499	Stanley
GSM878483	GSE35978	PARIETAL	SCZ	M	M	k144	D0516	G0500	Stanley
GSM878484	GSE35978	PARIETAL	SCZ	M	M	k144	D0516	G0500	Stanley
GSM878485	GSE35978	PARIETAL	MDD	F	F	k129	D0517	G0501	Stanley
GSM878486	GSE35978	PARIETAL	MDD	M	M	k115	D0518	G0502	Stanley
GSM878487	GSE35978	PARIETAL	BD	M	M	k106	D0519	G0503	Stanley
GSM878488	GSE35978	PARIETAL	BD	M	M	k130	D0520	G0504	Stanley
GSM878489	GSE35978	PARIETAL	BD	F	F	k119	D0521	G0505	Stanley
GSM878490	GSE35978	PARIETAL	CTL	M	M	k92	D0522	G0506	Stanley
GSM878491	GSE35978	PARIETAL	SCZ	M	M	k145	D0523	G0507	Stanley
GSM878492	GSE35978	PARIETAL	CTL	M	M	k113	D0524	G0508	Stanley
GSM878493	GSE35978	PARIETAL	CTL	M	M	k91	D0525	G0509	Stanley
GSM878494	GSE35978	PARIETAL	CTL	F	F	k96	D0526	G0510	Stanley
GSM878495	GSE35978	PARIETAL	BD	M	M	k146	D0527	G0511	Stanley
GSM878496	GSE35978	PARIETAL	SCZ	M	M	k147	D0528	G0512	Stanley
GSM878497	GSE35978	PARIETAL	SCZ	F	F	k107	D0529	G0513	Stanley
GSM878498	GSE35978	PARIETAL	SCZ	F	F	k148	D0530	G0514	Stanley
GSM878499	GSE35978	PARIETAL	BD	F	F	k105	D0531	G0515	Stanley
GSM878500	GSE35978	PARIETAL	MDD	M	M	k99	D0532	G0516	Stanley
GSM878501	GSE35978	PARIETAL	MDD	M	M	k98	D0533	G0517	Stanley
GSM878502	GSE35978	PARIETAL	MDD	M	M	k125	D0534	G0518	Stanley
GSM878503	GSE35978	PARIETAL	BD	M	M	k109	D0535	G0519	Stanley
GSM878504	GSE35978	PARIETAL	BD	M	M	k123	D0536	G0520	Stanley
GSM878505	GSE35978	PARIETAL	SCZ	F	F	k149	D0537	G0521	Stanley
GSM878506	GSE35978	PARIETAL	MDD	F	F	k118	D0538	G0522	Stanley
GSM878507	GSE35978	PARIETAL	SCZ	M	M	k108	D0539	G0523	Stanley
GSM878508	GSE35978	PARIETAL	SCZ	M	M	k121	D0540	G0524	Stanley
GSM878509	GSE35978	PARIETAL	CTL	M	M	k150	D0541	G0525	Stanley
GSM878510	GSE35978	PARIETAL	CTL	M	M	k111	D0542	G0526	Stanley
GSM878511	GSE35978	PARIETAL	BD	M	M	k93	D0543	G0527	Stanley
GSM878512	GSE35978	PARIETAL	SCZ	F	F	k151	D0544	G0528	Stanley
GSM878513	GSE35978	PARIETAL	MDD	M	M	k126	D0545	G0529	Stanley
GSM878514	GSE35978	PARIETAL	SCZ	M	M	k124	D0546	G0530	Stanley
GSM878515	GSE35978	PARIETAL	CTL	F	F	k95	D0547	G0531	Stanley
GSM878516	GSE35978	PARIETAL	MDD	F	F	k152	D0548	G0532	Stanley
GSM878517	GSE35978	PARIETAL	MDD	M	M	k101	D0549	G0533	Stanley
GSM878518	GSE35978	PARIETAL	SCZ	F	F	k127	D0550	G0534	Stanley
GSM878519	GSE35978	PARIETAL	CTL	F	F	k122	D0551	G0535	Stanley
GSM878520	GSE35978	PARIETAL	BD	M	M	k153	D0552	G0536	Stanley
GSM878521	GSE35978	PARIETAL	SCZ	M	M	k104	D0553	G0537	Stanley
GSM878522	GSE35978	PARIETAL	BD	F	F	k114	D0554	G0538	Stanley
GSM878523	GSE35978	PARIETAL	MDD	F	F	k94	D0555	G0539	Stanley
GSM878524	GSE35978	PARIETAL	BD	M	M	k154	D0556	G0540	Stanley
GSM878525	GSE35978	PARIETAL	MDD	M	M	k90	D0557	G0541	Stanley
GSM878526	GSE35978	PARIETAL	BD	M	M	k117	D0558	G0542	Stanley
GSM878527	GSE35978	PARIETAL	MDD	M	M	k155	D0559	G0543	Stanley
GSM878528	GSE35978	PARIETAL	CTL	F	F	k128	D0560	G0544	Stanley
GSM878529	GSE35978	PARIETAL	MDD	F	F	k97	D0561	G0545	Stanley
GSM878530	GSE35978	PARIETAL	SCZ	M	M	k116	D0562	G0546	Stanley
GSM878531	GSE35978	PARIETAL	CTL	F	F	k120	D0563	G0547	Stanley
GSM878532	GSE35978	PARIETAL	CTL	M	M	k103	D0564	G0548	Stanley
GSM878533	GSE35978	PARIETAL	CTL	M	M	k156	D0565	G0549	Stanley
GSM878534	GSE35978	PARIETAL	MDD	F	F	k100	D0566	G0550	Stanley
GSM878535	GSE35978	PARIETAL	CTL	M	M	k112	D0567	G0551	Stanley
GSM878536	GSE35978	PARIETAL	CTL	M	M	k102	D0568	G0552	Stanley
GSM1304920	GSE53987	PFC_BA46	BD	M	M	k0	D0012	G0012	Pittsburgh
GSM1304921	GSE53987	PFC_BA46	BD	F	F	k1	D0013	G0013	Pittsburgh
GSM1304922	GSE53987	PFC_BA46	BD	F	F	k2	D0014	G0014	Pittsburgh
GSM1304923	GSE53987	PFC_BA46	BD	F	F	k3	D0015	G0015	Pittsburgh
GSM1304924	GSE53987	PFC_BA46	BD	M	M	k4	D0016	G0016	Pittsburgh
GSM1304925	GSE53987	PFC_BA46	BD	M	M	k5	D0000	G0000	Pittsburgh
GSM1304926	GSE53987	PFC_BA46	BD	F	F	k6	D0017	G0017	Pittsburgh
GSM1304927	GSE53987	PFC_BA46	BD	F	F	k68	D0018	G0018	Pittsburgh
GSM1304928	GSE53987	PFC_BA46	BD	M	M	k9	D0003	G0003	Pittsburgh
GSM1304929	GSE53987	PFC_BA46	BD	M	M	k10	D0004	G0004	Pittsburgh
GSM1304930	GSE53987	PFC_BA46	BD	F	F	k11	D0005	G0005	Pittsburgh
GSM1304931	GSE53987	PFC_BA46	BD	M	M	k12	D0006	G0006	Pittsburgh
GSM1304932	GSE53987	PFC_BA46	BD	M	M	k13	D0007	G0007	Pittsburgh
GSM1304933	GSE53987	PFC_BA46	BD	M	M	k14	D0008	G0008	Pittsburgh
GSM1304934	GSE53987	PFC_BA46	BD	F	F	k15	D0009	G0009	Pittsburgh
GSM1304935	GSE53987	PFC_BA46	BD	M	M	k16	D0010	G0010	Pittsburgh
GSM1304936	GSE53987	PFC_BA46	BD	M	M	k17	D0011	G0011	Pittsburgh
GSM1304937	GSE53987	PFC_BA46	CTL	M	M	k18	D0025	G0025	Pittsburgh
GSM1304938	GSE53987	PFC_BA46	CTL	F	F	k19	D0066	G0065	Pittsburgh
GSM1304939	GSE53987	PFC_BA46	CTL	F	F	k20	D0058	G0057	Pittsburgh
GSM1304940	GSE53987	PFC_BA46	CTL	F	F	k21	D0073	G0072	Pittsburgh
GSM1304941	GSE53987	PFC_BA46	CTL	M	M	k22	D0026	G0026	Pittsburgh
GSM1304942	GSE53987	PFC_BA46	CTL	M	M	k23	D0087	G0086	Pittsburgh
GSM1304943	GSE53987	PFC_BA46	CTL	F	F	k24	D0067	G0066	Pittsburgh
GSM1304944	GSE53987	PFC_BA46	CTL	F	F	k25	D0063	G0062	Pittsburgh
GSM1304945	GSE53987	PFC_BA46	CTL	F	F	k26	D0071	G0070	Pittsburgh
GSM1304946	GSE53987	PFC_BA46	CTL	F	F	k27	D0001	G0001	Pittsburgh
GSM1304947	GSE53987	PFC_BA46	CTL	M	M	k28	D0020	G0020	Pittsburgh
GSM1304948	GSE53987	PFC_BA46	CTL	M	M	k29	D0092	G0091	Pittsburgh
GSM1304949	GSE53987	PFC_BA46	CTL	F	F	k30	D0064	G0063	Pittsburgh
GSM1304950	GSE53987	PFC_BA46	CTL	M	M	k31	D0021	G0021	Pittsburgh
GSM1304951	GSE53987	PFC_BA46	CTL	M	M	k32	D0022	G0022	Pittsburgh
GSM1304952	GSE53987	PFC_BA46	CTL	M	M	k33	D0092	G0091	Pittsburgh
GSM1304953	GSE53987	PFC_BA46	CTL	F	M	k34	D0023	G0023	Pittsburgh
GSM1304954	GSE53987	PFC_BA46	CTL	M	M	k35	D0024	G0024	Pittsburgh
GSM1304955	GSE53987	PFC_BA46	CTL	M	M	k69	D0094	G0093	Pittsburgh
GSM1304956	GSE53987	PFC_BA46	MDD	M	M	k36	D0032	G0106	Pittsburgh
GSM1304957	GSE53987	PFC_BA46	MDD	F	F	k37	D0078	G0077	Pittsburgh
GSM1304958	GSE53987	PFC_BA46	MDD	F	F	k38	D0081	G0080	Pittsburgh
GSM1304959	GSE53987	PFC_BA46	MDD	F	F	k39	D0079	G0078	Pittsburgh
GSM1304960	GSE53987	PFC_BA46	MDD	M	M	k40	D0033	G0032	Pittsburgh
GSM1304961	GSE53987	PFC_BA46	MDD	M	M	k41	D0034	G0033	Pittsburgh
GSM1304962	GSE53987	PFC_BA46	MDD	F	F	k42	D0080	G0079	Pittsburgh
GSM1304963	GSE53987	PFC_BA46	MDD	F	F	k43	D0076	G0075	Pittsburgh
GSM1304964	GSE53987	PFC_BA46	MDD	F	F	k44	D0083	G0082	Pittsburgh
GSM1304965	GSE53987	PFC_BA46	MDD	M	M	k45	D0109	G0108	Pittsburgh
GSM1304966	GSE53987	PFC_BA46	MDD	F	F	k47	D0077	G0076	Pittsburgh
GSM1304967	GSE53987	PFC_BA46	MDD	M	M	k48	D0027	G0027	Pittsburgh
GSM1304968	GSE53987	PFC_BA46	MDD	M	M	k70	D0028	G0028	Pittsburgh
GSM1304969	GSE53987	PFC_BA46	MDD	M	M	k49	D0029	G0029	Pittsburgh
GSM1304970	GSE53987	PFC_BA46	MDD	F	F	k50	D0082	G0081	Pittsburgh
GSM1304971	GSE53987	PFC_BA46	MDD	M	M	k51	D0030	G0030	Pittsburgh
GSM1304972	GSE53987	PFC_BA46	MDD	M	M	k52	D0031	G0031	Pittsburgh
GSM1304973	GSE53987	PFC_BA46	SCZ	M	M	k53	D0044	G0043	Pittsburgh
GSM1304974	GSE53987	PFC_BA46	SCZ	F	F	k54	D0045	G0044	Pittsburgh
GSM1304975	GSE53987	PFC_BA46	SCZ	F	F	k55	D0046	G0045	Pittsburgh
GSM1304976	GSE53987	PFC_BA46	SCZ	F	F	k71	D0047	G0046	Pittsburgh
GSM1304977	GSE53987	PFC_BA46	SCZ	M	M	k56	D0048	G0047	Pittsburgh
GSM1304978	GSE53987	PFC_BA46	SCZ	F	F	k72	D0050	G0049	Pittsburgh
GSM1304979	GSE53987	PFC_BA46	SCZ	F	F	k57	D0052	G0051	Pittsburgh
GSM1304980	GSE53987	PFC_BA46	SCZ	F	F	k58	D0002	G0002	Pittsburgh
GSM1304981	GSE53987	PFC_BA46	SCZ	M	M	k59	D0035	G0034	Pittsburgh
GSM1304982	GSE53987	PFC_BA46	SCZ	F	F	k61	D0037	G0036	Pittsburgh
GSM1304983	GSE53987	PFC_BA46	SCZ	M	M	k62	D0038	G0037	Pittsburgh
GSM1304984	GSE53987	PFC_BA46	SCZ	M	M	k63	D0039	G0038	Pittsburgh
GSM1304985	GSE53987	PFC_BA46	SCZ	M	M	k64	D0040	G0039	Pittsburgh
GSM1304986	GSE53987	PFC_BA46	SCZ	F	F	k65	D0041	G0040	Pittsburgh
GSM1304987	GSE53987	PFC_BA46	SCZ	M	M	k67	D0043	G0042	Pittsburgh
GSM1304988	GSE53987	STR	BD	M	M	k9	D0003	G0003	Pittsburgh
GSM1304989	GSE53987	STR	BD	M	M	k10	D0004	G0004	Pittsburgh
GSM1304990	GSE53987	STR	BD	F	F	k11	D0005	G0005	Pittsburgh
GSM1304991	GSE53987	STR	BD	M	M	k12	D0006	G0006	Pittsburgh
GSM1304992	GSE53987	STR	BD	M	M	k13	D0007	G0007	Pittsburgh
GSM1304993	GSE53987	STR	BD	M	M	k14	D0008	G0008	Pittsburgh
GSM1304994	GSE53987	STR	BD	F	F	k15	D0009	G0009	Pittsburgh
GSM1304995	GSE53987	STR	BD	M	M	k16	D0010	G0010	Pittsburgh
GSM1304996	GSE53987	STR	BD	M	M	k17	D0011	G0011	Pittsburgh
GSM1304997	GSE53987	STR	BD	M	M	k0	D0012	G0012	Pittsburgh
GSM1304998	GSE53987	STR	BD	F	F	k1	D0013	G0013	Pittsburgh
GSM1304999	GSE53987	STR	BD	F	F	k2	D0014	G0014	Pittsburgh
GSM1305000	GSE53987	STR	BD	F	F	k3	D0015	G0015	Pittsburgh
GSM1305001	GSE53987	STR	BD	M	M	k4	D0016	G0016	Pittsburgh
GSM1305002	GSE53987	STR	BD	F	F	k6	D0017	G0017	Pittsburgh
GSM1305003	GSE53987	STR	BD	F	F	k68	D0018	G0018	Pittsburgh
GSM1305004	GSE53987	STR	BD	F	F	k7	D0019	G0019	Pittsburgh
GSM1305005	GSE53987	STR	CTL	M	M	k28	D0020	G0020	Pittsburgh
GSM1305006	GSE53987	STR	CTL	M	M	k29	D0092	G0091	Pittsburgh
GSM1305007	GSE53987	STR	CTL	F	F	k30	D0064	G0063	Pittsburgh
GSM1305008	GSE53987	STR	CTL	M	M	k31	D0021	G0021	Pittsburgh
GSM1305009	GSE53987	STR	CTL	M	M	k32	D0022	G0022	Pittsburgh
GSM1305010	GSE53987	STR	CTL	M	M	k33	D0092	G0091	Pittsburgh
GSM1305011	GSE53987	STR	CTL	F	M	k34	D0023	G0023	Pittsburgh
GSM1305012	GSE53987	STR	CTL	M	M	k35	D0024	G0024	Pittsburgh
GSM1305013	GSE53987	STR	CTL	M	M	k69	D0094	G0093	Pittsburgh
GSM1305014	GSE53987	STR	CTL	M	M	k18	D0025	G0025	Pittsburgh
GSM1305015	GSE53987	STR	CTL	F	F	k19	D0066	G0065	Pittsburgh
GSM1305016	GSE53987	STR	CTL	F	F	k20	D0058	G0057	Pittsburgh
GSM1305017	GSE53987	STR	CTL	F	F	k21	D0073	G0072	Pittsburgh
GSM1305018	GSE53987	STR	CTL	M	M	k22	D0026	G0026	Pittsburgh
GSM1305019	GSE53987	STR	CTL	M	M	k23	D0087	G0086	Pittsburgh
GSM1305020	GSE53987	STR	CTL	F	F	k24	D0067	G0066	Pittsburgh
GSM1305021	GSE53987	STR	CTL	F	F	k25	D0063	G0062	Pittsburgh
GSM1305022	GSE53987	STR	CTL	F	F	k26	D0071	G0070	Pittsburgh
GSM1305023	GSE53987	STR	MDD	M	M	k45	D0109	G0108	Pittsburgh
GSM1305024	GSE53987	STR	MDD	M	M	k46	D0104	G0103	Pittsburgh
GSM1305025	GSE53987	STR	MDD	M	M	k48	D0027	G0027	Pittsburgh
GSM1305026	GSE53987	STR	MDD	M	M	k70	D0028	G0028	Pittsburgh
GSM1305027	GSE53987	STR	MDD	M	M	k49	D0029	G0029	Pittsburgh
GSM1305028	GSE53987	STR	MDD	F	F	k50	D0082	G0081	Pittsburgh
GSM1305029	GSE53987	STR	MDD	M	M	k51	D0030	G0030	Pittsburgh
GSM1305030	GSE53987	STR	MDD	M	M	k52	D0031	G0031	Pittsburgh
GSM1305031	GSE53987	STR	MDD	M	M	k36	D0032	G0106	Pittsburgh
GSM1305032	GSE53987	STR	MDD	F	F	k37	D0078	G0077	Pittsburgh
GSM1305033	GSE53987	STR	MDD	F	F	k38	D0081	G0080	Pittsburgh
GSM1305034	GSE53987	STR	MDD	F	F	k39	D0079	G0078	Pittsburgh
GSM1305035	GSE53987	STR	MDD	M	M	k40	D0033	G0032	Pittsburgh
GSM1305036	GSE53987	STR	MDD	M	M	k41	D0034	G0033	Pittsburgh
GSM1305037	GSE53987	STR	MDD	F	F	k42	D0080	G0079	Pittsburgh
GSM1305038	GSE53987	STR	MDD	F	F	k43	D0076	G0075	Pittsburgh
GSM1305039	GSE53987	STR	SCZ	M	M	k59	D0035	G0034	Pittsburgh
GSM1305040	GSE53987	STR	SCZ	M	M	k60	D0036	G0035	Pittsburgh
GSM1305041	GSE53987	STR	SCZ	F	F	k61	D0037	G0036	Pittsburgh
GSM1305042	GSE53987	STR	SCZ	M	M	k62	D0038	G0037	Pittsburgh
GSM1305043	GSE53987	STR	SCZ	M	M	k63	D0039	G0038	Pittsburgh
GSM1305044	GSE53987	STR	SCZ	M	M	k64	D0040	G0039	Pittsburgh
GSM1305045	GSE53987	STR	SCZ	F	F	k65	D0041	G0040	Pittsburgh
GSM1305046	GSE53987	STR	SCZ	M	M	k66	D0042	G0041	Pittsburgh
GSM1305047	GSE53987	STR	SCZ	M	M	k67	D0043	G0042	Pittsburgh
GSM1305048	GSE53987	STR	SCZ	M	M	k53	D0044	G0043	Pittsburgh
GSM1305049	GSE53987	STR	SCZ	F	F	k54	D0045	G0044	Pittsburgh
GSM1305050	GSE53987	STR	SCZ	F	F	k55	D0046	G0045	Pittsburgh
GSM1305051	GSE53987	STR	SCZ	F	F	k71	D0047	G0046	Pittsburgh
GSM1305052	GSE53987	STR	SCZ	M	M	k56	D0048	G0047	Pittsburgh
GSM1305053	GSE53987	STR	SCZ	M	M	k73	D0049	G0048	Pittsburgh
GSM1305054	GSE53987	STR	SCZ	F	F	k72	D0050	G0049	Pittsburgh
GSM1305055	GSE53987	STR	SCZ	F	F	k74	D0051	G0050	Pittsburgh
GSM1305056	GSE53987	STR	SCZ	F	F	k57	D0052	G0051	Pittsburgh
GSM1319050	GSE54567	PFC_BA9	CTL	M	M	Mpair1_CTL	D0053	G0052	Pittsburgh
GSM1319051	GSE54567	PFC_BA9	CTL	M	M	Mpair2_CTL	D0087	G0086	Pittsburgh
GSM1319052	GSE54567	PFC_BA9	CTL	M	M	Mpair4_CTL	D0088	G0087	Pittsburgh
GSM1319053	GSE54567	PFC_BA9	CTL	M	M	Mpair7_CTL	D0089	G0088	Pittsburgh
GSM1319054	GSE54567	PFC_BA9	CTL	M	M	Mpair11_CTL	D0090	G0089	Pittsburgh
GSM1319055	GSE54567	PFC_BA9	CTL	M	M	Mpair15_CTL	D0091	G0090	Pittsburgh
GSM1319056	GSE54567	PFC_BA9	CTL	M	M	Mpair18_CTL	D0092	G0091	Pittsburgh
GSM1319057	GSE54567	PFC_BA9	CTL	M	M	Mpair20_CTL	D0093	G0092	Pittsburgh
GSM1319058	GSE54567	PFC_BA9	CTL	M	M	Mpair22_CTL	D0094	G0093	Pittsburgh
GSM1319059	GSE54567	PFC_BA9	CTL	M	M	Mpair25_CTL	D0095	G0094	Pittsburgh
GSM1319060	GSE54567	PFC_BA9	CTL	M	M	Mpair26_CTL	D0096	G0095	Pittsburgh
GSM1319061	GSE54567	PFC_BA9	CTL	M	M	Mpair27_CTL	D0054	G0053	Pittsburgh
GSM1319062	GSE54567	PFC_BA9	CTL	M	M	Mpair29_CTL	D0097	G0096	Pittsburgh
GSM1319063	GSE54567	PFC_BA9	CTL	M	M	Mpair30_CTL	D0098	G0097	Pittsburgh
GSM1319064	GSE54567	PFC_BA9	MDD	M	M	Mpair1_MDD	D0055	G0054	Pittsburgh
GSM1319065	GSE54567	PFC_BA9	MDD	M	M	Mpair2_MDD	D0099	G0098	Pittsburgh
GSM1319066	GSE54567	PFC_BA9	MDD	M	M	Mpair4_MDD	D0100	G0099	Pittsburgh
GSM1319067	GSE54567	PFC_BA9	MDD	M	M	Mpair7_MDD	D0101	G0100	Pittsburgh
GSM1319068	GSE54567	PFC_BA9	MDD	M	M	Mpair11_MDD	D0102	G0101	Pittsburgh
GSM1319069	GSE54567	PFC_BA9	MDD	M	M	Mpair15_MDD	D0103	G0102	Pittsburgh
GSM1319070	GSE54567	PFC_BA9	MDD	M	M	Mpair18_MDD	D0104	G0103	Pittsburgh
GSM1319071	GSE54567	PFC_BA9	MDD	M	M	Mpair20_MDD	D0105	G0104	Pittsburgh
GSM1319072	GSE54567	PFC_BA9	MDD	M	M	Mpair22_MDD	D0106	G0105	Pittsburgh
GSM1319073	GSE54567	PFC_BA9	MDD	M	M	Mpair25_MDD	D0107	G0106	Pittsburgh
GSM1319074	GSE54567	PFC_BA9	MDD	M	M	Mpair26_MDD	D0108	G0107	Pittsburgh
GSM1319075	GSE54567	PFC_BA9	MDD	M	M	Mpair27_MDD	D0056	G0055	Pittsburgh
GSM1319076	GSE54567	PFC_BA9	MDD	M	M	Mpair29_MDD	D0109	G0108	Pittsburgh
GSM1319077	GSE54567	PFC_BA9	MDD	M	M	Mpair30_MDD	D0110	G0109	Pittsburgh
GSM1319078	GSE54568	PFC_BA9	CTL	F	F	Fpair3_CTL	D0061	G0060	Pittsburgh
GSM1319079	GSE54568	PFC_BA9	CTL	F	F	Fpair5_CTL	D0062	G0061	Pittsburgh
GSM1319080	GSE54568	PFC_BA9	CTL	F	F	Fpair6_CTL	D0057	G0056	Pittsburgh
GSM1319081	GSE54568	PFC_BA9	CTL	F	F	Fpair8_CTL	D0063	G0062	Pittsburgh
GSM1319082	GSE54568	PFC_BA9	CTL	F	F	Fpair9_CTL	D0064	G0063	Pittsburgh
GSM1319083	GSE54568	PFC_BA9	CTL	F	F	Fpair10_CTL	D0065	G0064	Pittsburgh
GSM1319084	GSE54568	PFC_BA9	CTL	F	F	Fpair12_CTL	D0066	G0065	Pittsburgh
GSM1319085	GSE54568	PFC_BA9	CTL	F	F	Fpair13_CTL	D0067	G0066	Pittsburgh
GSM1319086	GSE54568	PFC_BA9	CTL	F	F	Fpair14_CTL	D0068	G0067	Pittsburgh
GSM1319087	GSE54568	PFC_BA9	CTL	F	F	Fpair16_CTL	D0069	G0068	Pittsburgh
GSM1319088	GSE54568	PFC_BA9	CTL	F	F	Fpair17_CTL	D0070	G0069	Pittsburgh
GSM1319089	GSE54568	PFC_BA9	CTL	F	F	Fpair19_CTL	D0071	G0070	Pittsburgh
GSM1319090	GSE54568	PFC_BA9	CTL	F	F	Fpair21_CTL	D0072	G0071	Pittsburgh
GSM1319091	GSE54568	PFC_BA9	CTL	F	F	Fpair24_CTL	D0073	G0072	Pittsburgh
GSM1319092	GSE54568	PFC_BA9	CTL	F	F	Fpair28_CTL	D0058	G0057	Pittsburgh
GSM1319093	GSE54568	PFC_BA9	MDD	F	F	Fpair3_MDD	D0074	G0073	Pittsburgh
GSM1319094	GSE54568	PFC_BA9	MDD	F	F	Fpair5_MDD	D0075	G0074	Pittsburgh
GSM1319095	GSE54568	PFC_BA9	MDD	F	F	Fpair6_MDD	D0059	G0058	Pittsburgh
GSM1319096	GSE54568	PFC_BA9	MDD	F	F	Fpair8_MDD	D0076	G0075	Pittsburgh
GSM1319097	GSE54568	PFC_BA9	MDD	F	F	Fpair9_MDD	D0077	G0076	Pittsburgh
GSM1319098	GSE54568	PFC_BA9	MDD	F	F	Fpair10_MDD	D0078	G0077	Pittsburgh
GSM1319099	GSE54568	PFC_BA9	MDD	F	F	Fpair12_MDD	D0079	G0078	Pittsburgh
GSM1319100	GSE54568	PFC_BA9	MDD	F	F	Fpair13_MDD	D0080	G0079	Pittsburgh
GSM1319101	GSE54568	PFC_BA9	MDD	F	F	Fpair14_MDD	D0081	G0080	Pittsburgh
GSM1319102	GSE54568	PFC_BA9	MDD	F	F	Fpair16_MDD	D0082	G0081	Pittsburgh
GSM1319103	GSE54568	PFC_BA9	MDD	F	F	Fpair17_MDD	D0083	G0082	Pittsburgh
GSM1319104	GSE54568	PFC_BA9	MDD	F	F	Fpair19_MDD	D0084	G0083	Pittsburgh
GSM1319105	GSE54568	PFC_BA9	MDD	F	F	Fpair21_MDD	D0085	G0084	Pittsburgh
GSM1319106	GSE54568	PFC_BA9	MDD	F	F	Fpair24_MDD	D0086	G0085	Pittsburgh
GSM1319107	GSE54568	PFC_BA9	MDD	F	F	Fpair28_MDD	D0060	G0059	Pittsburgh
GSM1319142	GSE54571	ACC_BA25	CTL	F	F	Fpair3_CTL	D0061	G0060	Pittsburgh
GSM1319143	GSE54571	ACC_BA25	CTL	F	F	Fpair5_CTL	D0062	G0061	Pittsburgh
GSM1319144	GSE54571	ACC_BA25	CTL	F	F	Fpair8_CTL	D0063	G0062	Pittsburgh
GSM1319145	GSE54571	ACC_BA25	CTL	F	F	Fpair9_CTL	D0064	G0063	Pittsburgh
GSM1319146	GSE54571	ACC_BA25	CTL	F	F	Fpair10_CTL	D0065	G0064	Pittsburgh
GSM1319147	GSE54571	ACC_BA25	CTL	F	F	Fpair12_CTL	D0066	G0065	Pittsburgh
GSM1319148	GSE54571	ACC_BA25	CTL	F	F	Fpair13_CTL	D0067	G0066	Pittsburgh
GSM1319149	GSE54571	ACC_BA25	CTL	F	F	Fpair14_CTL	D0068	G0067	Pittsburgh
GSM1319150	GSE54571	ACC_BA25	CTL	F	F	Fpair16_CTL	D0069	G0068	Pittsburgh
GSM1319151	GSE54571	ACC_BA25	CTL	F	F	Fpair17_CTL	D0070	G0069	Pittsburgh
GSM1319152	GSE54571	ACC_BA25	CTL	F	F	Fpair19_CTL	D0071	G0070	Pittsburgh
GSM1319153	GSE54571	ACC_BA25	CTL	F	F	Fpair21_CTL	D0072	G0071	Pittsburgh
GSM1319154	GSE54571	ACC_BA25	CTL	F	F	Fpair24_CTL	D0073	G0072	Pittsburgh
GSM1319155	GSE54571	ACC_BA25	MDD	F	F	Fpair3_MDD	D0074	G0073	Pittsburgh
GSM1319156	GSE54571	ACC_BA25	MDD	F	F	Fpair5_MDD	D0075	G0074	Pittsburgh
GSM1319157	GSE54571	ACC_BA25	MDD	F	F	Fpair8_MDD	D0076	G0075	Pittsburgh
GSM1319158	GSE54571	ACC_BA25	MDD	F	F	Fpair9_MDD	D0077	G0076	Pittsburgh
GSM1319159	GSE54571	ACC_BA25	MDD	F	F	Fpair10_MDD	D0078	G0077	Pittsburgh
GSM1319160	GSE54571	ACC_BA25	MDD	F	F	Fpair12_MDD	D0079	G0078	Pittsburgh
GSM1319161	GSE54571	ACC_BA25	MDD	F	F	Fpair13_MDD	D0080	G0079	Pittsburgh
GSM1319162	GSE54571	ACC_BA25	MDD	F	F	Fpair14_MDD	D0081	G0080	Pittsburgh
GSM1319163	GSE54571	ACC_BA25	MDD	F	F	Fpair16_MDD	D0082	G0081	Pittsburgh
GSM1319164	GSE54571	ACC_BA25	MDD	F	F	Fpair17_MDD	D0083	G0082	Pittsburgh
GSM1319165	GSE54571	ACC_BA25	MDD	F	F	Fpair19_MDD	D0084	G0083	Pittsburgh
GSM1319166	GSE54571	ACC_BA25	MDD	F	F	Fpair21_MDD	D0085	G0084	Pittsburgh
GSM1319167	GSE54571	ACC_BA25	MDD	F	F	Fpair24_MDD	D0086	G0085	Pittsburgh
GSM1319168	GSE54572	ACC_BA25	CTL	M	M	Mpair2_CTL	D0087	G0086	Pittsburgh
GSM1319169	GSE54572	ACC_BA25	CTL	M	M	Mpair4_CTL	D0088	G0087	Pittsburgh
GSM1319170	GSE54572	ACC_BA25	CTL	M	M	Mpair7_CTL	D0089	G0088	Pittsburgh
GSM1319171	GSE54572	ACC_BA25	CTL	M	M	Mpair11_CTL	D0090	G0089	Pittsburgh
GSM1319172	GSE54572	ACC_BA25	CTL	M	M	Mpair15_CTL	D0091	G0090	Pittsburgh
GSM1319173	GSE54572	ACC_BA25	CTL	M	M	Mpair18_CTL	D0092	G0091	Pittsburgh
GSM1319174	GSE54572	ACC_BA25	CTL	M	M	Mpair20_CTL	D0093	G0092	Pittsburgh
GSM1319175	GSE54572	ACC_BA25	CTL	M	M	Mpair22_CTL	D0094	G0093	Pittsburgh
GSM1319176	GSE54572	ACC_BA25	CTL	M	M	Mpair25_CTL	D0095	G0094	Pittsburgh
GSM1319177	GSE54572	ACC_BA25	CTL	M	M	Mpair26_CTL	D0096	G0095	Pittsburgh
GSM1319178	GSE54572	ACC_BA25	CTL	M	M	Mpair29_CTL	D0097	G0096	Pittsburgh
GSM1319179	GSE54572	ACC_BA25	CTL	M	M	Mpair30_CTL	D0098	G0097	Pittsburgh
GSM1319180	GSE54572	ACC_BA25	MDD	M	M	Mpair2_MDD	D0099	G0098	Pittsburgh
GSM1319181	GSE54572	ACC_BA25	MDD	M	M	Mpair4_MDD	D0100	G0099	Pittsburgh
GSM1319182	GSE54572	ACC_BA25	MDD	M	M	Mpair7_MDD	D0101	G0100	Pittsburgh
GSM1319183	GSE54572	ACC_BA25	MDD	M	M	Mpair11_MDD	D0102	G0101	Pittsburgh
GSM1319184	GSE54572	ACC_BA25	MDD	M	M	Mpair15_MDD	D0103	G0102	Pittsburgh
GSM1319185	GSE54572	ACC_BA25	MDD	M	M	Mpair18_MDD	D0104	G0103	Pittsburgh
GSM1319186	GSE54572	ACC_BA25	MDD	M	M	Mpair20_MDD	D0105	G0104	Pittsburgh
GSM1319187	GSE54572	ACC_BA25	MDD	M	M	Mpair22_MDD	D0106	G0105	Pittsburgh
GSM1319188	GSE54572	ACC_BA25	MDD	M	M	Mpair25_MDD	D0107	G0106	Pittsburgh
GSM1319189	GSE54572	ACC_BA25	MDD	M	M	Mpair26_MDD	D0108	G0107	Pittsburgh
GSM1319190	GSE54572	ACC_BA25	MDD	M	M	Mpair29_MDD	D0109	G0108	Pittsburgh
GSM1319191	GSE54572	ACC_BA25	MDD	M	M	Mpair30_MDD	D0110	G0109	Pittsburgh
GSM2431715	GSE92538	PFC_DLPFC	SCZ	F	F	101057	D0123	G0121	Pritzker
GSM2431716	GSE92538	PFC_DLPFC	SCZ	M	M	101078	D0124	G0122	Pritzker
GSM2431717	GSE92538	PFC_DLPFC	SCZ	M	M	101078	D0124	G0122	Pritzker
GSM2431718	GSE92538	PFC_DLPFC	SCZ	M	M	101078	D0124	G0122	Pritzker
GSM2431719	GSE92538	PFC_DLPFC	CTL	M	M	101091	D0125	G0123	Pritzker
GSM2431720	GSE92538	PFC_DLPFC	CTL	M	M	101108	D0127	G0125	Pritzker
GSM2431721	GSE92538	PFC_DLPFC	CTL	M	M	101244	D0128	G0126	Pritzker
GSM2431722	GSE92538	PFC_DLPFC	CTL	F	F	101283	D0130	G0128	Pritzker
GSM2431723	GSE92538	PFC_DLPFC	CTL	F	F	101309	D0131	G0129	Pritzker
GSM2431724	GSE92538	PFC_DLPFC	CTL	M	M	101407	D0132	G0130	Pritzker
GSM2431725	GSE92538	PFC_DLPFC	SCZ	M	M	101421	D0133	G0131	Pritzker
GSM2431726	GSE92538	PFC_DLPFC	CTL	M	M	101431	D0134	G0132	Pritzker
GSM2431727	GSE92538	PFC_DLPFC	CTL	M	M	101488	D0135	G0133	Pritzker
GSM2431728	GSE92538	PFC_DLPFC	MDD	M	M	101597	D0136	G0134	Pritzker
GSM2431729	GSE92538	PFC_DLPFC	SCZ	F	F	101618	D0137	G0135	Pritzker
GSM2431730	GSE92538	PFC_DLPFC	SCZ	F	F	101657	D0138	G0136	Pritzker
GSM2431731	GSE92538	PFC_DLPFC	MDD	M	M	101674	D0111	G0110	Pritzker
GSM2431732	GSE92538	PFC_DLPFC	BD	F	F	101677	D0139	G0137	Pritzker
GSM2431733	GSE92538	PFC_DLPFC	BD	M	M	101690	D0140	G0138	Pritzker
GSM2431734	GSE92538	PFC_DLPFC	CTL	M	M	101736	D0112	G0170	Pritzker
GSM2431735	GSE92538	PFC_DLPFC	MDD	M	M	101739	D0141	G0139	Pritzker
GSM2431736	GSE92538	PFC_DLPFC	CTL	M	M	101772	D0142	G0140	Pritzker
GSM2431737	GSE92538	PFC_DLPFC	CTL	M	M	101811	D0143	G0141	Pritzker
GSM2431738	GSE92538	PFC_DLPFC	CTL	M	M	101923	D0144	G0142	Pritzker
GSM2431739	GSE92538	PFC_DLPFC	CTL	F	F	101956	D0113	G0111	Pritzker
GSM2431740	GSE92538	PFC_DLPFC	CTL	F	F	102038	D0114	G0112	Pritzker
GSM2431741	GSE92538	PFC_DLPFC	SCZ	M	M	102118	D0145	G0143	Pritzker
GSM2431742	GSE92538	PFC_DLPFC	SCZ	M	M	102118	D0145	G0143	Pritzker
GSM2431743	GSE92538	PFC_DLPFC	SCZ	M	M	102118	D0145	G0143	Pritzker
GSM2431744	GSE92538	PFC_DLPFC	CTL	M	M	102194	D0146	G0144	Pritzker
GSM2431745	GSE92538	PFC_DLPFC	CTL	F	F	102212	D0147	G0145	Pritzker
GSM2431746	GSE92538	PFC_DLPFC	SCZ	M	M	102218	D0148	G0146	Pritzker
GSM2431747	GSE92538	PFC_DLPFC	SCZ	M	M	102317	D0149	G0147	Pritzker
GSM2431748	GSE92538	PFC_DLPFC	MDD	M	M	102362	D0151	G0149	Pritzker
GSM2431749	GSE92538	PFC_DLPFC	CTL	F	F	102420	D0152	G0150	Pritzker
GSM2431750	GSE92538	PFC_DLPFC	CTL	F	F	102422	D0153	G0151	Pritzker
GSM2431751	GSE92538	PFC_DLPFC	MDD	F	F	102432	D0154	G0152	Pritzker
GSM2431752	GSE92538	PFC_DLPFC	CTL	M	M	102440	D0155	G0215	Pritzker
GSM2431753	GSE92538	PFC_DLPFC	CTL	M	M	102475	D0156	G0153	Pritzker
GSM2431754	GSE92538	PFC_DLPFC	MDD	M	M	102482	D0157	G0154	Pritzker
GSM2431755	GSE92538	PFC_DLPFC	MDD	M	M	102513	D0158	G0155	Pritzker
GSM2431756	GSE92538	PFC_DLPFC	CTL	M	M	102539	D0159	G0156	Pritzker
GSM2431757	GSE92538	PFC_DLPFC	CTL	M	M	102623	D0162	G0159	Pritzker
GSM2431758	GSE92538	PFC_DLPFC	MDD	M	M	102636	D0163	G0160	Pritzker
GSM2431759	GSE92538	PFC_DLPFC	CTL	F	F	102785	D0164	G0161	Pritzker
GSM2431760	GSE92538	PFC_DLPFC	CTL	M	M	102854	D0165	G0162	Pritzker
GSM2431761	GSE92538	PFC_DLPFC	SCZ	F	F	103037	D0166	G0163	Pritzker
GSM2431762	GSE92538	PFC_DLPFC	CTL	M	M	103068	D0167	G0164	Pritzker
GSM2431763	GSE92538	PFC_DLPFC	MDD	M	M	103091	D0168	G0165	Pritzker
GSM2431764	GSE92538	PFC_DLPFC	CTL	M	M	103166	D0169	G0166	Pritzker
GSM2431765	GSE92538	PFC_DLPFC	CTL	M	M	103262	D0171	G0168	Pritzker
GSM2431766	GSE92538	PFC_DLPFC	SCZ	M	M	103311	D0172	G0169	Pritzker
GSM2431767	GSE92538	PFC_DLPFC	SCZ	M	M	103311	D0172	G0169	Pritzker
GSM2431768	GSE92538	PFC_DLPFC	SCZ	M	M	103311	D0172	G0169	Pritzker
GSM2431769	GSE92538	PFC_DLPFC	CTL	M	M	103610	D0173	G0170	Pritzker
GSM2431770	GSE92538	PFC_DLPFC	MDD	M	M	103625	D0175	G0172	Pritzker
GSM2431771	GSE92538	PFC_DLPFC	CTL	M	M	103984	D0239	G0236	Pritzker
GSM2431772	GSE92538	PFC_DLPFC	CTL	M	M	103998	D0177	G0174	Pritzker
GSM2431773	GSE92538	PFC_DLPFC	BD	M	M	104097	D0179	G0176	Pritzker
GSM2431774	GSE92538	PFC_DLPFC	CTL	M	M	104126	D0180	G0177	Pritzker
GSM2431775	GSE92538	PFC_DLPFC	CTL	M	M	104126	D0180	G0177	Pritzker
GSM2431776	GSE92538	PFC_DLPFC	CTL	M	M	104126	D0180	G0177	Pritzker
GSM2431777	GSE92538	PFC_DLPFC	BD	M	M	104184	D0181	G0178	Pritzker
GSM2431778	GSE92538	PFC_DLPFC	SCZ	M	M	104259	D0182	G0179	Pritzker
GSM2431779	GSE92538	PFC_DLPFC	SCZ	M	M	104259	D0182	G0179	Pritzker
GSM2431780	GSE92538	PFC_DLPFC	SCZ	M	M	104259	D0182	G0179	Pritzker
GSM2431781	GSE92538	PFC_DLPFC	SCZ	F	F	104344	D0183	G0180	Pritzker
GSM2431782	GSE92538	PFC_DLPFC	MDD	M	M	104349	D0184	G0181	Pritzker
GSM2431783	GSE92538	PFC_DLPFC	SCZ	M	M	104655	D0187	G0184	Pritzker
GSM2431784	GSE92538	PFC_DLPFC	CTL	F	F	104659	D0188	G0185	Pritzker
GSM2431785	GSE92538	PFC_DLPFC	BD	F	F	104767	D0189	G0186	Pritzker
GSM2431786	GSE92538	PFC_DLPFC	BD	F	F	104808	D0190	G0187	Pritzker
GSM2431787	GSE92538	PFC_DLPFC	MDD	M	M	104851	D0191	G0188	Pritzker
GSM2431788	GSE92538	PFC_DLPFC	MDD	F	F	105080	D0192	G0189	Pritzker
GSM2431789	GSE92538	PFC_DLPFC	CTL	F	F	105141	D0193	G0190	Pritzker
GSM2431790	GSE92538	PFC_DLPFC	CTL	M	M	105262	D0194	G0191	Pritzker
GSM2431791	GSE92538	PFC_DLPFC	CTL	M	M	105476	D0195	G0192	Pritzker
GSM2431792	GSE92538	PFC_DLPFC	MDD	M	M	105506	D0196	G0193	Pritzker
GSM2431793	GSE92538	PFC_DLPFC	BD	M	M	105544	D0197	G0194	Pritzker
GSM2431794	GSE92538	PFC_DLPFC	BD	M	M	105621	D0199	G0196	Pritzker
GSM2431795	GSE92538	PFC_DLPFC	MDD	F	F	105643	D0200	G0197	Pritzker
GSM2431796	GSE92538	PFC_DLPFC	CTL	M	M	105669	D0201	G0198	Pritzker
GSM2431797	GSE92538	PFC_DLPFC	CTL	M	M	105676	D0202	G0199	Pritzker
GSM2431798	GSE92538	PFC_DLPFC	BD	F	F	105687	D0203	G0200	Pritzker
GSM2431799	GSE92538	PFC_DLPFC	CTL	F	F	105725	D0204	G0201	Pritzker
GSM2431800	GSE92538	PFC_DLPFC	BD	F	F	105867	D0205	G0202	Pritzker
GSM2431801	GSE92538	PFC_DLPFC	CTL	M	M	105928	D0206	G0203	Pritzker
GSM2431802	GSE92538	PFC_DLPFC	MDD	M	M	105947	D0207	G0204	Pritzker
GSM2431803	GSE92538	PFC_DLPFC	CTL	M	M	105952	D0208	G0205	Pritzker
GSM2431804	GSE92538	PFC_DLPFC	CTL	F	F	105976	D0209	G0206	Pritzker
GSM2431805	GSE92538	PFC_DLPFC	CTL	M	M	106049	D0210	G0207	Pritzker
GSM2431806	GSE92538	PFC_DLPFC	CTL	M	M	106051	D0211	G0208	Pritzker
GSM2431807	GSE92538	PFC_DLPFC	MDD	F	F	106149	D0213	G0210	Pritzker
GSM2431808	GSE92538	PFC_DLPFC	CTL	F	F	106172	D0214	G0211	Pritzker
GSM2431809	GSE92538	PFC_DLPFC	CTL	M	M	106229	D0215	G0212	Pritzker
GSM2431810	GSE92538	PFC_DLPFC	CTL	M	M	106229	D0215	G0212	Pritzker
GSM2431811	GSE92538	PFC_DLPFC	CTL	M	M	106229	D0215	G0212	Pritzker
GSM2431812	GSE92538	PFC_DLPFC	MDD	M	M	106256	D0216	G0213	Pritzker
GSM2431813	GSE92538	PFC_DLPFC	CTL	M	M	106293	D0218	G0215	Pritzker
GSM2431814	GSE92538	PFC_DLPFC	MDD	F	F	106355	D0219	G0216	Pritzker
GSM2431815	GSE92538	PFC_DLPFC	SCZ	M	M	106495	D0220	G0217	Pritzker
GSM2431816	GSE92538	PFC_DLPFC	SCZ	M	M	106564	D0221	G0218	Pritzker
GSM2431817	GSE92538	PFC_DLPFC	CTL	M	M	106589	D0222	G0219	Pritzker
GSM2431818	GSE92538	PFC_DLPFC	CTL	M	M	106589	D0222	G0219	Pritzker
GSM2431819	GSE92538	PFC_DLPFC	CTL	M	M	106589	D0222	G0219	Pritzker
GSM2431820	GSE92538	PFC_DLPFC	BD	F	F	106664	D0223	G0220	Pritzker
GSM2431821	GSE92538	PFC_DLPFC	CTL	M	M	106679	D0224	G0221	Pritzker
GSM2431822	GSE92538	PFC_DLPFC	BD	F	F	106692	D0115	G0113	Pritzker
GSM2431823	GSE92538	PFC_DLPFC	SCZ	M	M	106725	D0225	G0222	Pritzker
GSM2431824	GSE92538	PFC_DLPFC	CTL	M	M	106742	D0226	G0223	Pritzker
GSM2431825	GSE92538	PFC_DLPFC	SCZ	M	M	106753	D0227	G0224	Pritzker
GSM2431826	GSE92538	PFC_DLPFC	CTL	M	M	106798	D0228	G0225	Pritzker
GSM2431827	GSE92538	PFC_DLPFC	BD	M	M	106851	D0229	G0226	Pritzker
GSM2431828	GSE92538	PFC_DLPFC	MDD	M	M	106917	D0230	G0227	Pritzker
GSM2431829	GSE92538	PFC_DLPFC	CTL	M	M	106966	D0231	G0228	Pritzker
GSM2431830	GSE92538	PFC_DLPFC	BD	M	M	107029	D0232	G0229	Pritzker
GSM2431831	GSE92538	PFC_DLPFC	CTL	M	M	107032	D0116	G0114	Pritzker
GSM2431832	GSE92538	PFC_DLPFC	MDD	M	M	107061	D0233	G0230	Pritzker
GSM2431833	GSE92538	PFC_DLPFC	CTL	M	M	107084	D0234	G0231	Pritzker
GSM2431834	GSE92538	PFC_DLPFC	CTL	F	F	107131	D0235	G0232	Pritzker
GSM2431835	GSE92538	PFC_DLPFC	MDD	M	M	107185	D0236	G0233	Pritzker
GSM2431836	GSE92538	PFC_DLPFC	CTL	F	F	107199	D0237	G0234	Pritzker
GSM2431837	GSE92538	PFC_DLPFC	CTL	M	M	107309	D0238	G0235	Pritzker
GSM2431838	GSE92538	PFC_DLPFC	BD	M	M	107366	D0239	G0236	Pritzker
GSM2431839	GSE92538	PFC_DLPFC	BD	M	M	107610	D0240	G0237	Pritzker
GSM2431840	GSE92538	PFC_DLPFC	MDD	M	M	107683	D0241	G0238	Pritzker
GSM2431841	GSE92538	PFC_DLPFC	BD	F	F	107706	D0242	G0239	Pritzker
GSM2431842	GSE92538	PFC_DLPFC	MDD	M	M	107727	D0243	G0240	Pritzker
GSM2431843	GSE92538	PFC_DLPFC	MDD	F	F	107845	D0244	G0241	Pritzker
GSM2431844	GSE92538	PFC_DLPFC	CTL	F	F	107886	D0245	G0242	Pritzker
GSM2431845	GSE92538	PFC_DLPFC	CTL	M	M	108017	D0246	G0243	Pritzker
GSM2431846	GSE92538	PFC_DLPFC	CTL	F	F	108021	D0117	G0115	Pritzker
GSM2431847	GSE92538	PFC_DLPFC	CTL	F	F	108030	D0118	G0116	Pritzker
GSM2431848	GSE92538	PFC_DLPFC	CTL	M	M	108066	D0248	G0245	Pritzker
GSM2431849	GSE92538	PFC_DLPFC	BD	M	M	108104	D0249	G0246	Pritzker
GSM2431850	GSE92538	PFC_DLPFC	BD	M	M	108107	D0250	G0247	Pritzker
GSM2431851	GSE92538	PFC_DLPFC	CTL	M	M	108396	D0252	G0249	Pritzker
GSM2431852	GSE92538	PFC_DLPFC	CTL	M	M	108425	D0253	G0250	Pritzker
GSM2431853	GSE92538	PFC_DLPFC	BD	M	M	108454	D0254	G0251	Pritzker
GSM2431854	GSE92538	PFC_DLPFC	CTL	M	M	108493	D0119	G0117	Pritzker
GSM2431855	GSE92538	PFC_DLPFC	SCZ	F	F	108583	D0255	G0252	Pritzker
GSM2431856	GSE92538	PFC_DLPFC	CTL	M	M	108632	D0256	G0253	Pritzker
GSM2431857	GSE92538	PFC_DLPFC	CTL	F	F	108634	D0257	G0254	Pritzker
GSM2431858	GSE92538	PFC_DLPFC	MDD	F	F	108700	D0258	G0255	Pritzker
GSM2431859	GSE92538	PFC_DLPFC	CTL	M	M	108759	D0259	G0256	Pritzker
GSM2431860	GSE92538	PFC_DLPFC	CTL	F	F	108858	D0261	G0258	Pritzker
GSM2431861	GSE92538	PFC_DLPFC	BD	M	M	108923	D0262	G0259	Pritzker
GSM2431862	GSE92538	PFC_DLPFC	CTL	M	M	108925	D0263	G0260	Pritzker
GSM2431863	GSE92538	PFC_DLPFC	CTL	F	F	109092	D0120	G0118	Pritzker
GSM2431864	GSE92538	PFC_DLPFC	CTL	F	F	109103	D0264	G0261	Pritzker
GSM2431865	GSE92538	PFC_DLPFC	CTL	M	M	109170	D0266	G0263	Pritzker
GSM2431866	GSE92538	PFC_DLPFC	MDD	M	M	109248	D0267	G0264	Pritzker
GSM2431867	GSE92538	PFC_DLPFC	MDD	M	M	109257	D0268	G0265	Pritzker
GSM2431868	GSE92538	PFC_DLPFC	SCZ	M	M	109371	D0269	G0266	Pritzker
GSM2431869	GSE92538	PFC_DLPFC	BD	F	F	109377	D0270	G0267	Pritzker
GSM2431870	GSE92538	PFC_DLPFC	CTL	M	M	109422	D0271	G0268	Pritzker
GSM2431871	GSE92538	PFC_DLPFC	MDD	M	M	109430	D0272	G0269	Pritzker
GSM2431872	GSE92538	PFC_DLPFC	BD	F	F	109533	D0121	G0119	Pritzker
GSM2431873	GSE92538	PFC_DLPFC	CTL	M	M	109779	D0274	G0271	Pritzker
GSM2431874	GSE92538	PFC_DLPFC	CTL	M	M	109779	D0274	G0271	Pritzker
GSM2431875	GSE92538	PFC_DLPFC	CTL	M	M	109779	D0274	G0271	Pritzker
GSM2431876	GSE92538	PFC_DLPFC	MDD	M	M	109833	D0275	G0272	Pritzker
GSM2431877	GSE92538	PFC_DLPFC	CTL	M	M	109882	D0276	G0273	Pritzker
GSM2431878	GSE92538	PFC_DLPFC	MDD	M	M	109899	D0277	G0274	Pritzker
GSM2431879	GSE92538	PFC_DLPFC	MDD	M	M	109923	D0278	G0275	Pritzker
GSM2431880	GSE92538	PFC_DLPFC	BD	M	M	109961	D0279	G0276	Pritzker
GSM2431881	GSE92538	PFC_DLPFC	CTL	F	F	109991	D0280	G0277	Pritzker
GSM2431882	GSE92538	PFC_DLPFC	SCZ	M	M	101078	D0124	G0122	Pritzker
GSM2431883	GSE92538	PFC_DLPFC	SCZ	F	F	101657	D0138	G0136	Pritzker
GSM2431884	GSE92538	PFC_DLPFC	SCZ	M	M	102118	D0145	G0143	Pritzker
GSM2431885	GSE92538	PFC_DLPFC	CTL	F	F	102212	D0147	G0145	Pritzker
GSM2431886	GSE92538	PFC_DLPFC	CTL	M	M	102440	D0155	G0215	Pritzker
GSM2431887	GSE92538	PFC_DLPFC	SCZ	F	F	103037	D0166	G0163	Pritzker
GSM2431888	GSE92538	PFC_DLPFC	SCZ	M	M	103311	D0172	G0169	Pritzker
GSM2431889	GSE92538	PFC_DLPFC	CTL	M	M	104126	D0180	G0177	Pritzker
GSM2431890	GSE92538	PFC_DLPFC	SCZ	M	M	104259	D0182	G0179	Pritzker
GSM2431891	GSE92538	PFC_DLPFC	SCZ	M	M	104655	D0187	G0184	Pritzker
GSM2431892	GSE92538	PFC_DLPFC	CTL	M	M	106229	D0215	G0212	Pritzker
GSM2431893	GSE92538	PFC_DLPFC	SCZ	M	M	106495	D0220	G0217	Pritzker
GSM2431894	GSE92538	PFC_DLPFC	CTL	M	M	106589	D0222	G0219	Pritzker
GSM2431895	GSE92538	PFC_DLPFC	CTL	F	F	107886	D0245	G0242	Pritzker
GSM2431896	GSE92538	PFC_DLPFC	SCZ	F	F	108583	D0255	G0252	Pritzker
GSM2431897	GSE92538	PFC_DLPFC	CTL	M	M	109422	D0271	G0268	Pritzker
GSM2431898	GSE92538	PFC_DLPFC	CTL	M	M	109779	D0274	G0271	Pritzker
GSM2431899	GSE92538	PFC_DLPFC	CTL	F	F	109991	D0280	G0277	Pritzker
GSM2431900	GSE92538	PFC_DLPFC	MDD	M	M	101032	D0122	G0120	Pritzker
GSM2431901	GSE92538	PFC_DLPFC	SCZ	F	F	101057	D0123	G0121	Pritzker
GSM2431902	GSE92538	PFC_DLPFC	SCZ	M	M	101078	D0124	G0122	Pritzker
GSM2431903	GSE92538	PFC_DLPFC	CTL	M	M	101091	D0125	G0123	Pritzker
GSM2431904	GSE92538	PFC_DLPFC	BD	F	F	101101	D0126	G0124	Pritzker
GSM2431905	GSE92538	PFC_DLPFC	CTL	M	LOW_BOTH	101108	D0127	G0125	Pritzker
GSM2431906	GSE92538	PFC_DLPFC	CTL	M	M	101244	D0128	G0126	Pritzker
GSM2431907	GSE92538	PFC_DLPFC	MDD	M	M	101276	D0129	G0127	Pritzker
GSM2431908	GSE92538	PFC_DLPFC	CTL	F	F	101283	D0130	G0128	Pritzker
GSM2431909	GSE92538	PFC_DLPFC	CTL	F	F	101309	D0131	G0129	Pritzker
GSM2431910	GSE92538	PFC_DLPFC	CTL	M	M	101407	D0132	G0130	Pritzker
GSM2431911	GSE92538	PFC_DLPFC	SCZ	M	LOW_BOTH	101421	D0133	G0131	Pritzker
GSM2431912	GSE92538	PFC_DLPFC	CTL	M	LOW_BOTH	101431	D0134	G0132	Pritzker
GSM2431913	GSE92538	PFC_DLPFC	CTL	M	M	101488	D0135	G0133	Pritzker
GSM2431914	GSE92538	PFC_DLPFC	MDD	M	M	101597	D0136	G0134	Pritzker
GSM2431915	GSE92538	PFC_DLPFC	SCZ	F	F	101618	D0137	G0135	Pritzker
GSM2431916	GSE92538	PFC_DLPFC	SCZ	F	F	101657	D0138	G0136	Pritzker
GSM2431917	GSE92538	PFC_DLPFC	BD	F	F	101677	D0139	G0137	Pritzker
GSM2431918	GSE92538	PFC_DLPFC	BD	M	M	101690	D0140	G0138	Pritzker
GSM2431919	GSE92538	PFC_DLPFC	BD	M	M	101690	D0140	G0138	Pritzker
GSM2431920	GSE92538	PFC_DLPFC	MDD	M	M	101739	D0141	G0139	Pritzker
GSM2431921	GSE92538	PFC_DLPFC	MDD	M	M	101739	D0141	G0139	Pritzker
GSM2431922	GSE92538	PFC_DLPFC	CTL	M	M	101772	D0142	G0140	Pritzker
GSM2431923	GSE92538	PFC_DLPFC	CTL	M	M	101811	D0143	G0141	Pritzker
GSM2431924	GSE92538	PFC_DLPFC	CTL	M	M	101811	D0143	G0141	Pritzker
GSM2431925	GSE92538	PFC_DLPFC	MDD	M	M	101850	D0265	G0262	Pritzker
GSM2431926	GSE92538	PFC_DLPFC	CTL	M	M	101923	D0144	G0142	Pritzker
GSM2431927	GSE92538	PFC_DLPFC	SCZ	M	M	102118	D0145	G0143	Pritzker
GSM2431928	GSE92538	PFC_DLPFC	CTL	M	M	102194	D0146	G0144	Pritzker
GSM2431929	GSE92538	PFC_DLPFC	CTL	F	F	102212	D0147	G0145	Pritzker
GSM2431930	GSE92538	PFC_DLPFC	SCZ	M	LOW_BOTH	102218	D0148	G0146	Pritzker
GSM2431931	GSE92538	PFC_DLPFC	SCZ	M	LOW_BOTH	102317	D0149	G0147	Pritzker
GSM2431932	GSE92538	PFC_DLPFC	CTL	M	M	102349	D0150	G0148	Pritzker
GSM2431933	GSE92538	PFC_DLPFC	MDD	M	M	102362	D0151	G0149	Pritzker
GSM2431934	GSE92538	PFC_DLPFC	CTL	F	F	102420	D0152	G0150	Pritzker
GSM2431935	GSE92538	PFC_DLPFC	CTL	F	F	102422	D0153	G0151	Pritzker
GSM2431936	GSE92538	PFC_DLPFC	MDD	F	F	102432	D0154	G0152	Pritzker
GSM2431937	GSE92538	PFC_DLPFC	CTL	M	M	102440	D0155	G0215	Pritzker
GSM2431938	GSE92538	PFC_DLPFC	CTL	M	M	102475	D0156	G0153	Pritzker
GSM2431939	GSE92538	PFC_DLPFC	CTL	M	M	102475	D0156	G0153	Pritzker
GSM2431940	GSE92538	PFC_DLPFC	MDD	M	M	102482	D0157	G0154	Pritzker
GSM2431941	GSE92538	PFC_DLPFC	MDD	M	M	102513	D0158	G0155	Pritzker
GSM2431942	GSE92538	PFC_DLPFC	CTL	M	M	102539	D0159	G0156	Pritzker
GSM2431943	GSE92538	PFC_DLPFC	CTL	M	M	102579	D0160	G0157	Pritzker
GSM2431944	GSE92538	PFC_DLPFC	MDD	M	M	102608	D0161	G0158	Pritzker
GSM2431945	GSE92538	PFC_DLPFC	CTL	M	M	102623	D0162	G0159	Pritzker
GSM2431946	GSE92538	PFC_DLPFC	MDD	M	M	102636	D0163	G0160	Pritzker
GSM2431947	GSE92538	PFC_DLPFC	CTL	F	F	102785	D0164	G0161	Pritzker
GSM2431948	GSE92538	PFC_DLPFC	CTL	M	M	102854	D0165	G0162	Pritzker
GSM2431949	GSE92538	PFC_DLPFC	SCZ	F	F	103037	D0166	G0163	Pritzker
GSM2431950	GSE92538	PFC_DLPFC	CTL	M	M	103068	D0167	G0164	Pritzker
GSM2431951	GSE92538	PFC_DLPFC	MDD	M	M	103091	D0168	G0165	Pritzker
GSM2431952	GSE92538	PFC_DLPFC	CTL	M	LOW_BOTH	103166	D0169	G0166	Pritzker
GSM2431953	GSE92538	PFC_DLPFC	BD	F	F	103211	D0170	G0167	Pritzker
GSM2431954	GSE92538	PFC_DLPFC	CTL	M	M	103262	D0171	G0168	Pritzker
GSM2431955	GSE92538	PFC_DLPFC	SCZ	M	M	103311	D0172	G0169	Pritzker
GSM2431956	GSE92538	PFC_DLPFC	CTL	M	M	103610	D0173	G0170	Pritzker
GSM2431957	GSE92538	PFC_DLPFC	SCZ	F	F	103620	D0174	G0171	Pritzker
GSM2431958	GSE92538	PFC_DLPFC	MDD	M	M	103625	D0175	G0172	Pritzker
GSM2431959	GSE92538	PFC_DLPFC	MDD	M	M	103917	D0176	G0173	Pritzker
GSM2431960	GSE92538	PFC_DLPFC	CTL	M	M	103984	D0239	G0236	Pritzker
GSM2431961	GSE92538	PFC_DLPFC	CTL	M	M	103998	D0177	G0174	Pritzker
GSM2431962	GSE92538	PFC_DLPFC	CTL	M	F	103998	D0177	G0174	Pritzker
GSM2431963	GSE92538	PFC_DLPFC	SCZ	M	M	104049	D0178	G0175	Pritzker
GSM2431964	GSE92538	PFC_DLPFC	BD	M	M	104097	D0179	G0176	Pritzker
GSM2431965	GSE92538	PFC_DLPFC	CTL	M	M	104126	D0180	G0177	Pritzker
GSM2431966	GSE92538	PFC_DLPFC	BD	M	M	104184	D0181	G0178	Pritzker
GSM2431967	GSE92538	PFC_DLPFC	SCZ	M	M	104259	D0182	G0179	Pritzker
GSM2431968	GSE92538	PFC_DLPFC	SCZ	F	F	104344	D0183	G0180	Pritzker
GSM2431969	GSE92538	PFC_DLPFC	MDD	M	M	104349	D0184	G0181	Pritzker
GSM2431970	GSE92538	PFC_DLPFC	MDD	M	M	104521	D0185	G0182	Pritzker
GSM2431971	GSE92538	PFC_DLPFC	MDD	F	F	104630	D0186	G0183	Pritzker
GSM2431972	GSE92538	PFC_DLPFC	SCZ	M	M	104655	D0187	G0184	Pritzker
GSM2431973	GSE92538	PFC_DLPFC	CTL	F	LOW_BOTH	104659	D0188	G0185	Pritzker
GSM2431974	GSE92538	PFC_DLPFC	BD	F	F	104767	D0189	G0186	Pritzker
GSM2431975	GSE92538	PFC_DLPFC	BD	F	F	104808	D0190	G0187	Pritzker
GSM2431976	GSE92538	PFC_DLPFC	BD	F	M	104808	D0190	G0187	Pritzker
GSM2431977	GSE92538	PFC_DLPFC	MDD	M	M	104851	D0191	G0188	Pritzker
GSM2431978	GSE92538	PFC_DLPFC	MDD	F	F	105080	D0192	G0189	Pritzker
GSM2431979	GSE92538	PFC_DLPFC	CTL	F	F	105141	D0193	G0190	Pritzker
GSM2431980	GSE92538	PFC_DLPFC	CTL	F	F	105141	D0193	G0190	Pritzker
GSM2431981	GSE92538	PFC_DLPFC	CTL	M	M	105262	D0194	G0191	Pritzker
GSM2431982	GSE92538	PFC_DLPFC	CTL	M	M	105476	D0195	G0192	Pritzker
GSM2431983	GSE92538	PFC_DLPFC	MDD	M	M	105506	D0196	G0193	Pritzker
GSM2431984	GSE92538	PFC_DLPFC	BD	M	M	105544	D0197	G0194	Pritzker
GSM2431985	GSE92538	PFC_DLPFC	CTL	M	M	105589	D0198	G0195	Pritzker
GSM2431986	GSE92538	PFC_DLPFC	BD	M	M	105621	D0199	G0196	Pritzker
GSM2431987	GSE92538	PFC_DLPFC	MDD	F	F	105643	D0200	G0197	Pritzker
GSM2431988	GSE92538	PFC_DLPFC	CTL	M	M	105669	D0201	G0198	Pritzker
GSM2431989	GSE92538	PFC_DLPFC	CTL	M	M	105676	D0202	G0199	Pritzker
GSM2431990	GSE92538	PFC_DLPFC	BD	F	F	105687	D0203	G0200	Pritzker
GSM2431991	GSE92538	PFC_DLPFC	CTL	F	F	105725	D0204	G0201	Pritzker
GSM2431992	GSE92538	PFC_DLPFC	BD	F	F	105867	D0205	G0202	Pritzker
GSM2431993	GSE92538	PFC_DLPFC	CTL	M	M	105928	D0206	G0203	Pritzker
GSM2431994	GSE92538	PFC_DLPFC	CTL	M	M	105928	D0206	G0203	Pritzker
GSM2431995	GSE92538	PFC_DLPFC	MDD	M	M	105947	D0207	G0204	Pritzker
GSM2431996	GSE92538	PFC_DLPFC	CTL	M	M	105952	D0208	G0205	Pritzker
GSM2431997	GSE92538	PFC_DLPFC	CTL	F	F	105976	D0209	G0206	Pritzker
GSM2431998	GSE92538	PFC_DLPFC	CTL	M	M	106049	D0210	G0207	Pritzker
GSM2431999	GSE92538	PFC_DLPFC	CTL	M	M	106051	D0211	G0208	Pritzker
GSM2432000	GSE92538	PFC_DLPFC	SCZ	M	M	106082	D0212	G0209	Pritzker
GSM2432001	GSE92538	PFC_DLPFC	MDD	F	F	106149	D0213	G0210	Pritzker
GSM2432002	GSE92538	PFC_DLPFC	CTL	F	F	106172	D0214	G0211	Pritzker
GSM2432003	GSE92538	PFC_DLPFC	CTL	M	M	106229	D0215	G0212	Pritzker
GSM2432004	GSE92538	PFC_DLPFC	MDD	M	M	106256	D0216	G0213	Pritzker
GSM2432005	GSE92538	PFC_DLPFC	CTL	M	M	106276	D0217	G0214	Pritzker
GSM2432006	GSE92538	PFC_DLPFC	CTL	M	M	106293	D0218	G0215	Pritzker
GSM2432007	GSE92538	PFC_DLPFC	MDD	F	F	106355	D0219	G0216	Pritzker
GSM2432008	GSE92538	PFC_DLPFC	MDD	F	F	106355	D0219	G0216	Pritzker
GSM2432009	GSE92538	PFC_DLPFC	SCZ	M	M	106495	D0220	G0217	Pritzker
GSM2432010	GSE92538	PFC_DLPFC	SCZ	M	LOW_BOTH	106564	D0221	G0218	Pritzker
GSM2432011	GSE92538	PFC_DLPFC	CTL	M	M	106589	D0222	G0219	Pritzker
GSM2432012	GSE92538	PFC_DLPFC	BD	F	F	106664	D0223	G0220	Pritzker
GSM2432013	GSE92538	PFC_DLPFC	CTL	M	M	106679	D0224	G0221	Pritzker
GSM2432014	GSE92538	PFC_DLPFC	SCZ	M	M	106725	D0225	G0222	Pritzker
GSM2432015	GSE92538	PFC_DLPFC	CTL	M	M	106742	D0226	G0223	Pritzker
GSM2432016	GSE92538	PFC_DLPFC	CTL	M	M	106742	D0226	G0223	Pritzker
GSM2432017	GSE92538	PFC_DLPFC	SCZ	M	M	106753	D0227	G0224	Pritzker
GSM2432018	GSE92538	PFC_DLPFC	CTL	M	M	106798	D0228	G0225	Pritzker
GSM2432019	GSE92538	PFC_DLPFC	BD	M	M	106851	D0229	G0226	Pritzker
GSM2432020	GSE92538	PFC_DLPFC	MDD	M	M	106917	D0230	G0227	Pritzker
GSM2432021	GSE92538	PFC_DLPFC	CTL	M	M	106966	D0231	G0228	Pritzker
GSM2432022	GSE92538	PFC_DLPFC	BD	M	M	107029	D0232	G0229	Pritzker
GSM2432023	GSE92538	PFC_DLPFC	MDD	M	M	107061	D0233	G0230	Pritzker
GSM2432024	GSE92538	PFC_DLPFC	CTL	M	M	107084	D0234	G0231	Pritzker
GSM2432025	GSE92538	PFC_DLPFC	CTL	F	F	107131	D0235	G0232	Pritzker
GSM2432026	GSE92538	PFC_DLPFC	MDD	M	M	107185	D0236	G0233	Pritzker
GSM2432027	GSE92538	PFC_DLPFC	MDD	M	M	107185	D0236	G0233	Pritzker
GSM2432028	GSE92538	PFC_DLPFC	CTL	F	F	107199	D0237	G0234	Pritzker
GSM2432029	GSE92538	PFC_DLPFC	CTL	M	M	107309	D0238	G0235	Pritzker
GSM2432030	GSE92538	PFC_DLPFC	BD	M	M	107366	D0239	G0236	Pritzker
GSM2432031	GSE92538	PFC_DLPFC	BD	M	M	107366	D0239	G0236	Pritzker
GSM2432032	GSE92538	PFC_DLPFC	BD	M	M	107610	D0240	G0237	Pritzker
GSM2432033	GSE92538	PFC_DLPFC	MDD	M	M	107683	D0241	G0238	Pritzker
GSM2432034	GSE92538	PFC_DLPFC	BD	F	F	107706	D0242	G0239	Pritzker
GSM2432035	GSE92538	PFC_DLPFC	MDD	M	M	107727	D0243	G0240	Pritzker
GSM2432036	GSE92538	PFC_DLPFC	MDD	M	M	107727	D0243	G0240	Pritzker
GSM2432037	GSE92538	PFC_DLPFC	MDD	F	F	107845	D0244	G0241	Pritzker
GSM2432038	GSE92538	PFC_DLPFC	CTL	F	F	107886	D0245	G0242	Pritzker
GSM2432039	GSE92538	PFC_DLPFC	CTL	M	LOW_BOTH	108017	D0246	G0243	Pritzker
GSM2432040	GSE92538	PFC_DLPFC	CTL	M	M	108022	D0247	G0244	Pritzker
GSM2432041	GSE92538	PFC_DLPFC	CTL	M	LOW_BOTH	108066	D0248	G0245	Pritzker
GSM2432042	GSE92538	PFC_DLPFC	BD	M	M	108104	D0249	G0246	Pritzker
GSM2432043	GSE92538	PFC_DLPFC	BD	M	M	108107	D0250	G0247	Pritzker
GSM2432044	GSE92538	PFC_DLPFC	BD	M	M	108107	D0250	G0247	Pritzker
GSM2432045	GSE92538	PFC_DLPFC	CTL	M	M	108291	D0251	G0248	Pritzker
GSM2432046	GSE92538	PFC_DLPFC	CTL	M	M	108396	D0252	G0249	Pritzker
GSM2432047	GSE92538	PFC_DLPFC	CTL	M	LOW_BOTH	108425	D0253	G0250	Pritzker
GSM2432048	GSE92538	PFC_DLPFC	BD	M	M	108454	D0254	G0251	Pritzker
GSM2432049	GSE92538	PFC_DLPFC	SCZ	F	F	108583	D0255	G0252	Pritzker
GSM2432050	GSE92538	PFC_DLPFC	CTL	M	M	108632	D0256	G0253	Pritzker
GSM2432051	GSE92538	PFC_DLPFC	CTL	F	F	108634	D0257	G0254	Pritzker
GSM2432052	GSE92538	PFC_DLPFC	MDD	F	F	108700	D0258	G0255	Pritzker
GSM2432053	GSE92538	PFC_DLPFC	CTL	M	M	108759	D0259	G0256	Pritzker
GSM2432055	GSE92538	PFC_DLPFC	CTL	M	M	108778	D0260	G0257	Pritzker
GSM2432056	GSE92538	PFC_DLPFC	CTL	F	F	108858	D0261	G0258	Pritzker
GSM2432057	GSE92538	PFC_DLPFC	BD	M	M	108923	D0262	G0259	Pritzker
GSM2432059	GSE92538	PFC_DLPFC	BD	M	M	108923	D0262	G0259	Pritzker
GSM2432061	GSE92538	PFC_DLPFC	CTL	M	M	108925	D0263	G0260	Pritzker
GSM2432062	GSE92538	PFC_DLPFC	CTL	M	M	108925	D0263	G0260	Pritzker
GSM2432064	GSE92538	PFC_DLPFC	CTL	F	F	109103	D0264	G0261	Pritzker
GSM2432065	GSE92538	PFC_DLPFC	MDD	M	M	109120	D0265	G0262	Pritzker
GSM2432067	GSE92538	PFC_DLPFC	CTL	M	M	109170	D0266	G0263	Pritzker
GSM2432068	GSE92538	PFC_DLPFC	MDD	M	M	109248	D0267	G0264	Pritzker
GSM2432070	GSE92538	PFC_DLPFC	MDD	M	M	109257	D0268	G0265	Pritzker
GSM2432071	GSE92538	PFC_DLPFC	SCZ	M	LOW_BOTH	109371	D0269	G0266	Pritzker
GSM2432072	GSE92538	PFC_DLPFC	BD	F	F	109377	D0270	G0267	Pritzker
GSM2432073	GSE92538	PFC_DLPFC	CTL	M	M	109422	D0271	G0268	Pritzker
GSM2432075	GSE92538	PFC_DLPFC	MDD	M	M	109430	D0272	G0269	Pritzker
GSM2432077	GSE92538	PFC_DLPFC	MDD	M	M	109436	D0273	G0270	Pritzker
GSM2432080	GSE92538	PFC_DLPFC	CTL	M	M	109779	D0274	G0271	Pritzker
GSM2432081	GSE92538	PFC_DLPFC	MDD	M	M	109833	D0275	G0272	Pritzker
GSM2432083	GSE92538	PFC_DLPFC	CTL	M	M	109882	D0276	G0273	Pritzker
GSM2432085	GSE92538	PFC_DLPFC	MDD	M	M	109899	D0277	G0274	Pritzker
GSM2432086	GSE92538	PFC_DLPFC	MDD	M	M	109923	D0278	G0275	Pritzker
GSM2432088	GSE92538	PFC_DLPFC	BD	M	M	109961	D0279	G0276	Pritzker
GSM2432090	GSE92538	PFC_DLPFC	BD	M	M	109961	D0279	G0276	Pritzker
GSM2432092	GSE92538	PFC_DLPFC	CTL	F	F	109991	D0280	G0277	Pritzker
