donor_id	dx	cohort	batch	split_group	affected	partition	gsms
D0000	BD	Pittsburgh	GSE53987	G0000	False	dev	GSM1304925
D0001	CTL	Pittsburgh	GSE53987	G0001	False	dev	GSM1304946
D0002	SCZ	Pittsburgh	GSE53987	G0002	False	test	GSM1304980
D0003	BD	Pittsburgh	GSE53987	G0003	False	dev	GSM1304928
D0004	BD	Pittsburgh	GSE53987	G0004	False	dev	GSM1304929
D0005	BD	Pittsburgh	GSE53987	G0005	False	dev	GSM1304930
D0006	BD	Pittsburgh	GSE53987	G0006	False	dev	GSM1304931
D0007	BD	Pittsburgh	GSE53987	G0007	False	dev	GSM1304932
D0008	BD	Pittsburgh	GSE53987	G0008	False	test	GSM1304933
D0009	BD	Pittsburgh	GSE53987	G0009	False	dev	GSM1304934
D0010	BD	Pittsburgh	GSE53987	G0010	False	dev	GSM1304935
D0011	BD	Pittsburgh	GSE53987	G0011	False	dev	GSM1304936
D0012	BD	Pittsburgh	GSE53987	G0012	False	dev	GSM1304920
D0013	BD	Pittsburgh	GSE53987	G0013	False	test	GSM1304921
D0014	BD	Pittsburgh	GSE53987	G0014	False	test	GSM1304922
D0015	BD	Pittsburgh	GSE53987	G0015	False	dev	GSM1304923
D0016	BD	Pittsburgh	GSE53987	G0016	False	test	GSM1304924
D0017	BD	Pittsburgh	GSE53987	G0017	False	dev	GSM1304926
D0018	BD	Pittsburgh	GSE53987	G0018	False	dev	GSM1304927
D0020	CTL	Pittsburgh	GSE53987	G0020	False	dev	GSM1304947
D0021	CTL	Pittsburgh	GSE53987	G0021	False	dev	GSM1304950
D0022	CTL	Pittsburgh	GSE53987	G0022	False	dev	GSM1304951
D0023	CTL	Pittsburgh	GSE53987	G0023	True	dev	GSM1304953
D0024	CTL	Pittsburgh	GSE53987	G0024	False	dev	GSM1304954
D0025	CTL	Pittsburgh	GSE53987	G0025	False	dev	GSM1304937
D0026	CTL	Pittsburgh	GSE53987	G0026	False	test	GSM1304941
D0027	MDD	Pittsburgh	GSE53987	G0027	False	dev	GSM1304967
D0028	MDD	Pittsburgh	GSE53987	G0028	False	dev	GSM1304968
D0029	MDD	Pittsburgh	GSE53987	G0029	False	test	GSM1304969
D0030	MDD	Pittsburgh	GSE53987	G0030	False	test	GSM1304971
D0031	MDD	Pittsburgh	GSE53987	G0031	False	dev	GSM1304972
D0032	MDD	Pittsburgh	GSE53987	G0106	False	dev	GSM1304956
D0033	MDD	Pittsburgh	GSE53987	G0032	False	dev	GSM1304960
D0034	MDD	Pittsburgh	GSE53987	G0033	False	dev	GSM1304961
D0035	SCZ	Pittsburgh	GSE53987	G0034	False	dev	GSM1304981
D0037	SCZ	Pittsburgh	GSE53987	G0036	False	dev	GSM1304982
D0038	SCZ	Pittsburgh	GSE53987	G0037	False	dev	GSM1304983
D0039	SCZ	Pittsburgh	GSE53987	G0038	False	dev	GSM1304984
D0040	SCZ	Pittsburgh	GSE53987	G0039	False	dev	GSM1304985
D0041	SCZ	Pittsburgh	GSE53987	G0040	False	dev	GSM1304986
D0043	SCZ	Pittsburgh	GSE53987	G0042	False	test	GSM1304987
D0044	SCZ	Pittsburgh	GSE53987	G0043	False	dev	GSM1304973
D0045	SCZ	Pittsburgh	GSE53987	G0044	False	test	GSM1304974
D0046	SCZ	Pittsburgh	GSE53987	G0045	False	dev	GSM1304975
D0047	SCZ	Pittsburgh	GSE53987	G0046	False	test	GSM1304976
D0048	SCZ	Pittsburgh	GSE53987	G0047	False	dev	GSM1304977
D0050	SCZ	Pittsburgh	GSE53987	G0049	False	dev	GSM1304978
D0052	SCZ	Pittsburgh	GSE53987	G0051	False	dev	GSM1304979
D0053	CTL	Pittsburgh	GSE54567	G0052	False	dev	GSM1319050
D0054	CTL	Pittsburgh	GSE54567	G0053	False	dev	GSM1319061
D0055	MDD	Pittsburgh	GSE54567	G0054	False	dev	GSM1319064
D0056	MDD	Pittsburgh	GSE54567	G0055	False	dev	GSM1319075
D0057	CTL	Pittsburgh	GSE54568	G0056	False	test	GSM1319080
D0058	CTL	Pittsburgh	GSE53987	G0057	False	test	GSM1304939
D0059	MDD	Pittsburgh	GSE54568	G0058	False	test	GSM1319095
D0060	MDD	Pittsburgh	GSE54568	G0059	False	dev	GSM1319107
D0061	CTL	Pittsburgh	GSE54568	G0060	False	dev	GSM1319078
D0062	CTL	Pittsburgh	GSE54568	G0061	False	dev	GSM1319079
D0063	CTL	Pittsburgh	GSE53987	G0062	False	dev	GSM1304944
D0064	CTL	Pittsburgh	GSE53987	G0063	False	dev	GSM1304949
D0065	CTL	Pittsburgh	GSE54568	G0064	False	dev	GSM1319083
D0066	CTL	Pittsburgh	GSE53987	G0065	False	test	GSM1304938
D0067	CTL	Pittsburgh	GSE53987	G0066	False	dev	GSM1304943
D0068	CTL	Pittsburgh	GSE54568	G0067	False	dev	GSM1319086
D0069	CTL	Pittsburgh	GSE54568	G0068	False	dev	GSM1319087
D0070	CTL	Pittsburgh	GSE54568	G0069	False	dev	GSM1319088
D0071	CTL	Pittsburgh	GSE53987	G0070	False	dev	GSM1304945
D0072	CTL	Pittsburgh	GSE54568	G0071	False	dev	GSM1319090
D0073	CTL	Pittsburgh	GSE53987	G0072	False	dev	GSM1304940
D0074	MDD	Pittsburgh	GSE54568	G0073	False	dev	GSM1319093
D0075	MDD	Pittsburgh	GSE54568	G0074	False	dev	GSM1319094
D0076	MDD	Pittsburgh	GSE53987	G0075	False	dev	GSM1304963
D0077	MDD	Pittsburgh	GSE53987	G0076	False	test	GSM1304966
D0078	MDD	Pittsburgh	GSE53987	G0077	False	dev	GSM1304957
D0079	MDD	Pittsburgh	GSE53987	G0078	False	dev	GSM1304959
D0080	MDD	Pittsburgh	GSE53987	G0079	False	test	GSM1304962
D0081	MDD	Pittsburgh	GSE53987	G0080	False	test	GSM1304958
D0082	MDD	Pittsburgh	GSE53987	G0081	False	dev	GSM1304970
D0083	MDD	Pittsburgh	GSE53987	G0082	False	dev	GSM1304964
D0084	MDD	Pittsburgh	GSE54568	G0083	False	dev	GSM1319104
D0085	MDD	Pittsburgh	GSE54568	G0084	False	dev	GSM1319105
D0086	MDD	Pittsburgh	GSE54568	G0085	False	dev	GSM1319106
D0087	CTL	Pittsburgh	GSE53987	G0086	False	dev	GSM1304942
D0088	CTL	Pittsburgh	GSE54567	G0087	False	test	GSM1319052
D0089	CTL	Pittsburgh	GSE54567	G0088	False	dev	GSM1319053
D0090	CTL	Pittsburgh	GSE54567	G0089	False	dev	GSM1319054
D0091	CTL	Pittsburgh	GSE54567	G0090	False	test	GSM1319055
D0092	CTL	Pittsburgh	GSE53987	G0091	False	dev	GSM1304948;GSM1304952
D0093	CTL	Pittsburgh	GSE54567	G0092	False	test	GSM1319057
D0094	CTL	Pittsburgh	GSE53987	G0093	False	dev	GSM1304955
D0095	CTL	Pittsburgh	GSE54567	G0094	False	dev	GSM1319059
D0096	CTL	Pittsburgh	GSE54567	G0095	False	test	GSM1319060
D0097	CTL	Pittsburgh	GSE54567	G0096	False	dev	GSM1319062
D0098	CTL	Pittsburgh	GSE54567	G0097	False	test	GSM1319063
D0099	MDD	Pittsburgh	GSE54567	G0098	False	dev	GSM1319065
D0100	MDD	Pittsburgh	GSE54567	G0099	False	dev	GSM1319066
D0101	MDD	Pittsburgh	GSE54567	G0100	False	dev	GSM1319067
D0102	MDD	Pittsburgh	GSE54567	G0101	False	dev	GSM1319068
D0103	MDD	Pittsburgh	GSE54567	G0102	False	dev	GSM1319069
D0104	MDD	Pittsburgh	GSE54567	G0103	False	dev	GSM1319070
D0105	MDD	Pittsburgh	GSE54567	G0104	False	dev	GSM1319071
D0106	MDD	Pittsburgh	GSE54567	G0105	False	test	GSM1319072
D0107	MDD	Pittsburgh	GSE54567	G0106	False	dev	GSM1319073
D0108	MDD	Pittsburgh	GSE54567	G0107	False	test	GSM1319074
D0109	MDD	Pittsburgh	GSE53987	G0108	False	dev	GSM1304965
D0110	MDD	Pittsburgh	GSE54567	G0109	False	test	GSM1319077
D0111	MDD	Pritzker	GSE92538_U133A	G0110	False	dev	GSM2431731
D0112	CTL	Pritzker	GSE92538_U133A	G0170	False	dev	GSM2431734
D0113	CTL	Pritzker	GSE92538_U133A	G0111	False	dev	GSM2431739
D0114	CTL	Pritzker	GSE92538_U133A	G0112	False	test	GSM2431740
D0115	BD	Pritzker	GSE92538_U133A	G0113	False	dev	GSM2431822
D0116	CTL	Pritzker	GSE92538_U133A	G0114	False	dev	GSM2431831
D0117	CTL	Pritzker	GSE92538_U133A	G0115	False	test	GSM2431846
D0118	CTL	Pritzker	GSE92538_U133A	G0116	False	dev	GSM2431847
D0119	CTL	Pritzker	GSE92538_U133A	G0117	False	test	GSM2431854
D0120	CTL	Pritzker	GSE92538_U133A	G0118	False	dev	GSM2431863
D0121	BD	Pritzker	GSE92538_U133A	G0119	False	dev	GSM2431872
D0122	MDD	Pritzker	GSE92538_U133Plus2(U133Aprobes)	G0120	False	test	GSM2431900
D0123	SCZ	Pritzker	GSE92538_U133Plus2(U133Aprobes)	G0121	False	dev	GSM2431715;GSM2431901
D0124	SCZ	Pritzker	GSE92538_U133A	G0122	False	dev	GSM2431718;GSM2431882;GSM2431902
D0125	CTL	Pritzker	GSE92538_U133Plus2(U133Aprobes)	G0123	False	test	GSM2431719;GSM2431903
D0126	BD	Pritzker	GSE92538_U133Plus2(U133Aprobes)	G0124	False	dev	GSM2431904
D0127	CTL	Pritzker	GSE92538_U133Plus2(U133Aprobes)	G0125	False	dev	GSM2431720;GSM2431905
D0128	CTL	Pritzker	GSE92538_U133A	G0126	False	test	GSM2431721;GSM2431906
D0129	MDD	Pritzker	GSE92538_U133Plus2(U133Aprobes)	G0127	False	dev	GSM2431907
D0130	CTL	Pritzker	GSE92538_U133A	G0128	False	test	GSM2431722;GSM2431908
D0131	CTL	Pritzker	GSE92538_U133A	G0129	False	dev	GSM2431723;GSM2431909
D0132	CTL	Pritzker	GSE92538_U133Plus2(U133Aprobes)	G0130	False	dev	GSM2431724;GSM2431910
D0133	SCZ	Pritzker	GSE92538_U133Plus2(U133Aprobes)	G0131	False	dev	GSM2431725;GSM2431911
D0134	CTL	Pritzker	GSE92538_U133A	G0132	False	dev	GSM2431726;GSM2431912
D0135	CTL	Pritzker	GSE92538_U133A	G0133	False	dev	GSM2431727;GSM2431913
D0136	MDD	Pritzker	GSE92538_U133A	G0134	False	dev	GSM2431728;GSM2431914
D0137	SCZ	Pritzker	GSE92538_U133Plus2(U133Aprobes)	G0135	False	test	GSM2431729;GSM2431915
D0138	SCZ	Pritzker	GSE92538_U133A	G0136	False	dev	GSM2431730;GSM2431883;GSM2431916
D0139	BD	Pritzker	GSE92538_U133Plus2(U133Aprobes)	G0137	False	dev	GSM2431732;GSM2431917
D0140	BD	Pritzker	GSE92538_U133A	G0138	False	dev	GSM2431733;GSM2431918;GSM2431919
D0141	MDD	Pritzker	GSE92538_U133A	G0139	False	dev	GSM2431735;GSM2431920;GSM2431921
D0142	CTL	Pritzker	GSE92538_U133Plus2(U133Aprobes)	G0140	False	dev	GSM2431736;GSM2431922
D0143	CTL	Pritzker	GSE92538_U133A	G0141	False	dev	GSM2431737;GSM2431923;GSM2431924
D0144	CTL	Pritzker	GSE92538_U133A	G0142	False	dev	GSM2431738;GSM2431926
D0145	SCZ	Pritzker	GSE92538_U133A	G0143	False	dev	GSM2431743;GSM2431884;GSM2431927
D0146	CTL	Pritzker	GSE92538_U133Plus2(U133Aprobes)	G0144	False	dev	GSM2431744;GSM2431928
D0147	CTL	Pritzker	GSE92538_U133A	G0145	False	test	GSM2431745;GSM2431885;GSM2431929
D0148	SCZ	Pritzker	GSE92538_U133Plus2(U133Aprobes)	G0146	False	dev	GSM2431746;GSM2431930
D0149	SCZ	Pritzker	GSE92538_U133Plus2(U133Aprobes)	G0147	False	dev	GSM2431747;GSM2431931
D0150	CTL	Pritzker	GSE92538_U133Plus2(U133Aprobes)	G0148	False	dev	GSM2431932
D0151	MDD	Pritzker	GSE92538_U133Plus2(U133Aprobes)	G0149	False	test	GSM2431748;GSM2431933
D0152	CTL	Pritzker	GSE92538_U133A	G0150	False	dev	GSM2431749;GSM2431934
D0153	CTL	Pritzker	GSE92538_U133A	G0151	False	dev	GSM2431750;GSM2431935
D0154	MDD	Pritzker	GSE92538_U133A	G0152	False	dev	GSM2431751;GSM2431936
D0155	CTL	Pritzker	GSE92538_U133A	G0215	False	test	GSM2431752;GSM2431886;GSM2431937
D0156	CTL	Pritzker	GSE92538_U133A	G0153	False	dev	GSM2431753;GSM2431938;GSM2431939
D0157	MDD	Pritzker	GSE92538_U133Plus2(U133Aprobes)	G0154	False	dev	GSM2431754;GSM2431940
D0158	MDD	Pritzker	GSE92538_U133A	G0155	False	dev	GSM2431755;GSM2431941
D0159	CTL	Pritzker	GSE92538_U133A	G0156	False	dev	GSM2431756;GSM2431942
D0160	CTL	Pritzker	GSE92538_U133Plus2(U133Aprobes)	G0157	False	dev	GSM2431943
D0161	MDD	Pritzker	GSE92538_U133Plus2(U133Aprobes)	G0158	False	test	GSM2431944
D0162	CTL	Pritzker	GSE92538_U133Plus2(U133Aprobes)	G0159	False	dev	GSM2431757;GSM2431945
D0163	MDD	Pritzker	GSE92538_U133A	G0160	False	test	GSM2431758;GSM2431946
D0164	CTL	Pritzker	GSE92538_U133A	G0161	False	test	GSM2431759;GSM2431947
D0165	CTL	Pritzker	GSE92538_U133Plus2(U133Aprobes)	G0162	False	dev	GSM2431760;GSM2431948
D0166	SCZ	Pritzker	GSE92538_U133A	G0163	False	dev	GSM2431761;GSM2431887;GSM2431949
D0167	CTL	Pritzker	GSE92538_U133A	G0164	False	test	GSM2431762;GSM2431950
D0168	MDD	Pritzker	GSE92538_U133A	G0165	False	dev	GSM2431763;GSM2431951
D0169	CTL	Pritzker	GSE92538_U133Plus2(U133Aprobes)	G0166	False	dev	GSM2431764;GSM2431952
D0170	BD	Pritzker	GSE92538_U133Plus2(U133Aprobes)	G0167	False	dev	GSM2431953
D0171	CTL	Pritzker	GSE92538_U133A	G0168	False	dev	GSM2431765;GSM2431954
D0172	SCZ	Pritzker	GSE92538_U133A	G0169	False	dev	GSM2431768;GSM2431888;GSM2431955
D0173	CTL	Pritzker	GSE92538_U133Plus2(U133Aprobes)	G0170	False	dev	GSM2431769;GSM2431956
D0174	SCZ	Pritzker	GSE92538_U133Plus2(U133Aprobes)	G0171	False	test	GSM2431957
D0175	MDD	Pritzker	GSE92538_U133Plus2(U133Aprobes)	G0172	False	dev	GSM2431770;GSM2431958
D0176	MDD	Pritzker	GSE92538_U133Plus2(U133Aprobes)	G0173	False	dev	GSM2431959
D0177	CTL	Pritzker	GSE92538_U133A	G0174	True	test	GSM2431772;GSM2431961;GSM2431962
D0178	SCZ	Pritzker	GSE92538_U133Plus2(U133Aprobes)	G0175	False	dev	GSM2431963
D0179	BD	Pritzker	GSE92538_U133A	G0176	False	test	GSM2431773;GSM2431964
D0180	CTL	Pritzker	GSE92538_U133A	G0177	False	dev	GSM2431776;GSM2431889;GSM2431965
D0181	BD	Pritzker	GSE92538_U133A	G0178	False	dev	GSM2431777;GSM2431966
D0182	SCZ	Pritzker	GSE92538_U133A	G0179	False	dev	GSM2431780;GSM2431890;GSM2431967
D0183	SCZ	Pritzker	GSE92538_U133Plus2(U133Aprobes)	G0180	False	test	GSM2431781;GSM2431968
D0184	MDD	Pritzker	GSE92538_U133Plus2(U133Aprobes)	G0181	False	dev	GSM2431782;GSM2431969
D0185	MDD	Pritzker	GSE92538_U133Plus2(U133Aprobes)	G0182	False	dev	GSM2431970
D0186	MDD	Pritzker	GSE92538_U133Plus2(U133Aprobes)	G0183	False	test	GSM2431971
D0187	SCZ	Pritzker	GSE92538_U133A	G0184	False	dev	GSM2431783;GSM2431891;GSM2431972
D0188	CTL	Pritzker	GSE92538_U133A	G0185	False	test	GSM2431784;GSM2431973
D0189	BD	Pritzker	GSE92538_U133A	G0186	False	dev	GSM2431785;GSM2431974
D0190	BD	Pritzker	GSE92538_U133A	G0187	True	dev	GSM2431786;GSM2431975;GSM2431976
D0191	MDD	Pritzker	GSE92538_U133A	G0188	False	test	GSM2431787;GSM2431977
D0192	MDD	Pritzker	GSE92538_U133A	G0189	False	dev	GSM2431788;GSM2431978
D0193	CTL	Pritzker	GSE92538_U133A	G0190	False	dev	GSM2431789;GSM2431979;GSM2431980
D0194	CTL	Pritzker	GSE92538_U133A	G0191	False	dev	GSM2431790;GSM2431981
D0195	CTL	Pritzker	GSE92538_U133A	G0192	False	dev	GSM2431791;GSM2431982
D0196	MDD	Pritzker	GSE92538_U133A	G0193	False	test	GSM2431792;GSM2431983
D0197	BD	Pritzker	GSE92538_U133Plus2(U133Aprobes)	G0194	False	test	GSM2431793;GSM2431984
D0198	CTL	Pritzker	GSE92538_U133Plus2(U133Aprobes)	G0195	False	test	GSM2431985
D0199	BD	Pritzker	GSE92538_U133A	G0196	False	dev	GSM2431794;GSM2431986
D0200	MDD	Pritzker	GSE92538_U133A	G0197	False	dev	GSM2431795;GSM2431987
D0201	CTL	Pritzker	GSE92538_U133A	G0198	False	dev	GSM2431796;GSM2431988
D0202	CTL	Pritzker	GSE92538_U133A	G0199	False	dev	GSM2431797;GSM2431989
D0203	BD	Pritzker	GSE92538_U133Plus2(U133Aprobes)	G0200	False	dev	GSM2431798;GSM2431990
D0204	CTL	Pritzker	GSE92538_U133Plus2(U133Aprobes)	G0201	False	dev	GSM2431799;GSM2431991
D0205	BD	Pritzker	GSE92538_U133A	G0202	False	dev	GSM2431800;GSM2431992
D0206	CTL	Pritzker	GSE92538_U133A	G0203	False	dev	GSM2431801;GSM2431993;GSM2431994
D0207	MDD	Pritzker	GSE92538_U133Plus2(U133Aprobes)	G0204	False	dev	GSM2431802;GSM2431995
D0208	CTL	Pritzker	GSE92538_U133A	G0205	False	dev	GSM2431803;GSM2431996
D0209	CTL	Pritzker	GSE92538_U133A	G0206	False	dev	GSM2431804;GSM2431997
D0210	CTL	Pritzker	GSE92538_U133Plus2(U133Aprobes)	G0207	False	dev	GSM2431805;GSM2431998
D0211	CTL	Pritzker	GSE92538_U133Plus2(U133Aprobes)	G0208	False	dev	GSM2431806;GSM2431999
D0212	SCZ	Pritzker	GSE92538_U133Plus2(U133Aprobes)	G0209	False	dev	GSM2432000
D0213	MDD	Pritzker	GSE92538_U133A	G0210	False	test	GSM2431807;GSM2432001
D0214	CTL	Pritzker	GSE92538_U133Plus2(U133Aprobes)	G0211	False	dev	GSM2431808;GSM2432002
D0215	CTL	Pritzker	GSE92538_U133A	G0212	False	dev	GSM2431810;GSM2431811;GSM2431892;GSM2432003
D0216	MDD	Pritzker	GSE92538_U133A	G0213	False	dev	GSM2431812;GSM2432004
D0217	CTL	Pritzker	GSE92538_U133Plus2(U133Aprobes)	G0214	False	dev	GSM2432005
D0218	CTL	Pritzker	GSE92538_U133A	G0215	False	test	GSM2431813;GSM2432006
D0219	MDD	Pritzker	GSE92538_U133A	G0216	False	dev	GSM2431814;GSM2432007;GSM2432008
D0220	SCZ	Pritzker	GSE92538_U133A	G0217	False	dev	GSM2431815;GSM2431893;GSM2432009
D0221	SCZ	Pritzker	GSE92538_U133Plus2(U133Aprobes)	G0218	False	test	GSM2431816;GSM2432010
D0222	CTL	Pritzker	GSE92538_U133A	G0219	False	dev	GSM2431819;GSM2431894;GSM2432011
D0223	BD	Pritzker	GSE92538_U133A	G0220	False	dev	GSM2431820;GSM2432012
D0224	CTL	Pritzker	GSE92538_U133A	G0221	False	test	GSM2431821;GSM2432013
D0225	SCZ	Pritzker	GSE92538_U133Plus2(U133Aprobes)	G0222	False	test	GSM2431823;GSM2432014
D0226	CTL	Pritzker	GSE92538_U133A	G0223	False	dev	GSM2431824;GSM2432015;GSM2432016
D0227	SCZ	Pritzker	GSE92538_U133Plus2(U133Aprobes)	G0224	False	dev	GSM2431825;GSM2432017
D0228	CTL	Pritzker	GSE92538_U133Plus2(U133Aprobes)	G0225	False	dev	GSM2431826;GSM2432018
D0229	BD	Pritzker	GSE92538_U133A	G0226	False	dev	GSM2431827;GSM2432019
D0230	MDD	Pritzker	GSE92538_U133A	G0227	False	test	GSM2431828;GSM2432020
D0231	CTL	Pritzker	GSE92538_U133Plus2(U133Aprobes)	G0228	False	test	GSM2431829;GSM2432021
D0232	BD	Pritzker	GSE92538_U133A	G0229	False	dev	GSM2431830;GSM2432022
D0233	MDD	Pritzker	GSE92538_U133A	G0230	False	dev	GSM2431832;GSM2432023
D0234	CTL	Pritzker	GSE92538_U133A	G0231	False	dev	GSM2431833;GSM2432024
D0235	CTL	Pritzker	GSE92538_U133A	G0232	False	test	GSM2431834;GSM2432025
D0236	MDD	Pritzker	GSE92538_U133A	G0233	False	dev	GSM2431835;GSM2432026;GSM2432027
D0237	CTL	Pritzker	GSE92538_U133A	G0234	False	dev	GSM2431836;GSM2432028
D0238	CTL	Pritzker	GSE92538_U133Plus2(U133Aprobes)	G0235	False	dev	GSM2431837;GSM2432029
D0240	BD	Pritzker	GSE92538_U133A	G0237	False	dev	GSM2431839;GSM2432032
D0241	MDD	Pritzker	GSE92538_U133A	G0238	False	test	GSM2431840;GSM2432033
D0242	BD	Pritzker	GSE92538_U133A	G0239	False	dev	GSM2431841;GSM2432034
D0243	MDD	Pritzker	GSE92538_U133A	G0240	False	dev	GSM2431842;GSM2432035;GSM2432036
D0244	MDD	Pritzker	GSE92538_U133Plus2(U133Aprobes)	G0241	False	dev	GSM2431843;GSM2432037
D0245	CTL	Pritzker	GSE92538_U133A	G0242	False	test	GSM2431844;GSM2431895;GSM2432038
D0246	CTL	Pritzker	GSE92538_U133Plus2(U133Aprobes)	G0243	False	test	GSM2431845;GSM2432039
D0247	CTL	Pritzker	GSE92538_U133Plus2(U133Aprobes)	G0244	False	dev	GSM2432040
D0248	CTL	Pritzker	GSE92538_U133Plus2(U133Aprobes)	G0245	False	dev	GSM2431848;GSM2432041
D0249	BD	Pritzker	GSE92538_U133Plus2(U133Aprobes)	G0246	False	test	GSM2431849;GSM2432042
D0250	BD	Pritzker	GSE92538_U133A	G0247	False	test	GSM2431850;GSM2432043;GSM2432044
D0251	CTL	Pritzker	GSE92538_U133Plus2(U133Aprobes)	G0248	False	dev	GSM2432045
D0252	CTL	Pritzker	GSE92538_U133A	G0249	False	dev	GSM2431851;GSM2432046
D0253	CTL	Pritzker	GSE92538_U133Plus2(U133Aprobes)	G0250	False	test	GSM2431852;GSM2432047
D0254	BD	Pritzker	GSE92538_U133Plus2(U133Aprobes)	G0251	False	test	GSM2431853;GSM2432048
D0255	SCZ	Pritzker	GSE92538_U133A	G0252	False	dev	GSM2431855;GSM2431896;GSM2432049
D0256	CTL	Pritzker	GSE92538_U133A	G0253	False	dev	GSM2431856;GSM2432050
D0257	CTL	Pritzker	GSE92538_U133A	G0254	False	dev	GSM2431857;GSM2432051
D0258	MDD	Pritzker	GSE92538_U133Plus2(U133Aprobes)	G0255	False	dev	GSM2431858;GSM2432052
D0259	CTL	Pritzker	GSE92538_U133A	G0256	False	test	GSM2431859;GSM2432053
D0260	CTL	Pritzker	GSE92538_U133Plus2(U133Aprobes)	G0257	False	dev	GSM2432055
D0261	CTL	Pritzker	GSE92538_U133A	G0258	False	dev	GSM2431860;GSM2432056
D0262	BD	Pritzker	GSE92538_U133A	G0259	False	dev	GSM2431861;GSM2432057;GSM2432059
D0263	CTL	Pritzker	GSE92538_U133A	G0260	False	dev	GSM2431862;GSM2432061;GSM2432062
D0264	CTL	Pritzker	GSE92538_U133Plus2(U133Aprobes)	G0261	False	dev	GSM2431864;GSM2432064
D0265	MDD	Pritzker	GSE92538_U133Plus2(U133Aprobes)	G0262	False	dev	GSM2431925;GSM2432065
D0266	CTL	Pritzker	GSE92538_U133A	G0263	False	dev	GSM2431865;GSM2432067
D0267	MDD	Pritzker	GSE92538_U133Plus2(U133Aprobes)	G0264	False	dev	GSM2431866;GSM2432068
D0268	MDD	Pritzker	GSE92538_U133Plus2(U133Aprobes)	G0265	False	dev	GSM2431867;GSM2432070
D0269	SCZ	Pritzker	GSE92538_U133Plus2(U133Aprobes)	G0266	False	dev	GSM2431868;GSM2432071
D0270	BD	Pritzker	GSE92538_U133A	G0267	False	test	GSM2431869;GSM2432072
D0271	CTL	Pritzker	GSE92538_U133A	G0268	False	dev	GSM2431870;GSM2431897;GSM2432073
D0272	MDD	Pritzker	GSE92538_U133A	G0269	False	dev	GSM2431871;GSM2432075
D0273	MDD	Pritzker	GSE92538_U133Plus2(U133Aprobes)	G0270	False	dev	GSM2432077
D0274	CTL	Pritzker	GSE92538_U133A	G0271	False	dev	GSM2431875;GSM2431898;GSM2432080
D0275	MDD	Pritzker	GSE92538_U133Plus2(U133Aprobes)	G0272	False	dev	GSM2431876;GSM2432081
D0276	CTL	Pritzker	GSE92538_U133Plus2(U133Aprobes)	G0273	False	dev	GSM2431877;GSM2432083
D0277	MDD	Pritzker	GSE92538_U133A	G0274	False	dev	GSM2431878;GSM2432085
D0278	MDD	Pritzker	GSE92538_U133A	G0275	False	dev	GSM2431879;GSM2432086
D0279	BD	Pritzker	GSE92538_U133A	G0276	False	test	GSM2431880;GSM2432088;GSM2432090
D0280	CTL	Pritzker	GSE92538_U133A	G0277	False	dev	GSM2431881;GSM2431899;GSM2432092
D0304	SCZ	CharingCross	GSE17612	G0291	False	dev	GSM439778
D0305	CTL	CharingCross	GSE17612	G0292	False	dev	GSM439779
D0306	CTL	CharingCross	GSE17612	G0293	False	dev	GSM439780
D0307	SCZ	CharingCross	GSE17612	G0294	False	test	GSM439781
D0308	CTL	CharingCross	GSE17612	G0295	False	dev	GSM439782
D0309	CTL	CharingCross	GSE17612	G0296	False	dev	GSM439783
D0310	SCZ	CharingCross	GSE17612	G0297	False	dev	GSM439784
D0311	SCZ	CharingCross	GSE17612	G0298	False	dev	GSM439785
D0312	SCZ	CharingCross	GSE17612	G0299	False	test	GSM439786
D0313	CTL	CharingCross	GSE17612	G0300	False	test	GSM439787
D0314	CTL	CharingCross	GSE17612	G0301	False	test	GSM439788
D0315	CTL	CharingCross	GSE17612	G0302	False	dev	GSM439789
D0316	SCZ	CharingCross	GSE17612	G0303	False	dev	GSM439790
D0317	SCZ	CharingCross	GSE17612	G0304	False	dev	GSM439791
D0318	CTL	CharingCross	GSE17612	G0305	False	dev	GSM439792
D0319	CTL	CharingCross	GSE17612	G0306	False	dev	GSM439793
D0320	SCZ	CharingCross	GSE17612	G0307	False	dev	GSM439794
D0321	SCZ	CharingCross	GSE17612	G0308	False	dev	GSM439795
D0322	SCZ	CharingCross	GSE17612	G0309	False	dev	GSM439796
D0323	CTL	CharingCross	GSE17612	G0310	False	dev	GSM439797
D0324	SCZ	CharingCross	GSE17612	G0311	False	dev	GSM439798
D0325	CTL	CharingCross	GSE17612	G0312	False	dev	GSM439799
D0326	SCZ	CharingCross	GSE17612	G0313	False	dev	GSM439800
D0327	SCZ	CharingCross	GSE17612	G0314	False	test	GSM439801
D0328	CTL	CharingCross	GSE17612	G0315	False	dev	GSM439802
D0329	SCZ	CharingCross	GSE17612	G0316	False	dev	GSM439803
D0330	CTL	CharingCross	GSE17612	G0317	False	test	GSM439804
D0331	SCZ	CharingCross	GSE17612	G0318	False	dev	GSM439805
D0332	SCZ	CharingCross	GSE17612	G0319	False	test	GSM439806
D0333	SCZ	CharingCross	GSE17612	G0320	False	dev	GSM439807
D0334	CTL	CharingCross	GSE17612	G0321	False	dev	GSM439808
D0335	SCZ	CharingCross	GSE17612	G0322	False	dev	GSM439809
D0336	CTL	CharingCross	GSE17612	G0323	False	dev	GSM439810
D0337	SCZ	CharingCross	GSE17612	G0324	False	dev	GSM439811
D0338	CTL	CharingCross	GSE17612	G0325	False	test	GSM439812
D0339	SCZ	CharingCross	GSE17612	G0326	False	test	GSM439813
D0340	CTL	CharingCross	GSE17612	G0327	False	test	GSM439814
D0341	SCZ	CharingCross	GSE17612	G0328	False	dev	GSM439815
D0342	CTL	CharingCross	GSE17612	G0329	False	dev	GSM439816
D0343	SCZ	CharingCross	GSE17612	G0330	False	test	GSM439817
D0344	CTL	CharingCross	GSE17612	G0331	False	dev	GSM439818
D0345	CTL	CharingCross	GSE17612	G0332	False	test	GSM439819
D0346	SCZ	CharingCross	GSE17612	G0333	False	dev	GSM439820
D0347	SCZ	CharingCross	GSE17612	G0334	False	dev	GSM439821
D0348	CTL	CharingCross	GSE17612	G0335	False	dev	GSM439822
D0349	SCZ	CharingCross	GSE17612	G0336	False	dev	GSM439823
D0350	SCZ	CharingCross	GSE17612	G0337	False	test	GSM439824
D0351	CTL	CharingCross	GSE17612	G0338	False	dev	GSM439825
D0352	CTL	CharingCross	GSE17612	G0339	False	dev	GSM439826
D0353	SCZ	CharingCross	GSE17612	G0340	False	dev	GSM439827
D0354	SCZ	CharingCross	GSE17612	G0341	False	dev	GSM439828
D0355	CTL	Victoria	GSE21138	G0342	False	dev	GSM528831
D0356	CTL	Victoria	GSE21138	G0343	False	dev	GSM528832
D0357	CTL	Victoria	GSE21138	G0344	False	dev	GSM528833
D0358	CTL	Victoria	GSE21138	G0345	False	dev	GSM528834
D0359	CTL	Victoria	GSE21138	G0346	False	dev	GSM528835
D0360	CTL	Victoria	GSE21138	G0347	False	dev	GSM528836
D0361	CTL	Victoria	GSE21138	G0348	False	test	GSM528837
D0362	CTL	Victoria	GSE21138	G0349	False	dev	GSM528838
D0363	CTL	Victoria	GSE21138	G0350	True	dev	GSM528839;GSM528840
D0364	CTL	Victoria	GSE21138	G0351	False	dev	GSM528841
D0365	CTL	Victoria	GSE21138	G0352	False	dev	GSM528842
D0366	CTL	Victoria	GSE21138	G0353	False	dev	GSM528843
D0367	CTL	Victoria	GSE21138	G0354	False	dev	GSM528844
D0368	CTL	Victoria	GSE21138	G0355	False	test	GSM528845
D0369	CTL	Victoria	GSE21138	G0356	False	dev	GSM528846
D0370	CTL	Victoria	GSE21138	G0357	False	dev	GSM528847
D0371	CTL	Victoria	GSE21138	G0358	False	test	GSM528848
D0372	CTL	Victoria	GSE21138	G0359	False	dev	GSM528849
D0373	CTL	Victoria	GSE21138	G0360	False	test	GSM528850
D0374	CTL	Victoria	GSE21138	G0361	False	dev	GSM528851
D0375	CTL	Victoria	GSE21138	G0362	False	test	GSM528852
D0376	CTL	Victoria	GSE21138	G0363	False	dev	GSM528853
D0377	CTL	Victoria	GSE21138	G0364	False	dev	GSM528854
D0378	CTL	Victoria	GSE21138	G0365	False	dev	GSM528855
D0379	CTL	Victoria	GSE21138	G0366	False	dev	GSM528856
D0380	CTL	Victoria	GSE21138	G0367	False	test	GSM528857
D0381	CTL	Victoria	GSE21138	G0368	False	dev	GSM528858
D0382	CTL	Victoria	GSE21138	G0369	False	test	GSM528859
D0383	SCZ	Victoria	GSE21138	G0370	False	dev	GSM528860
D0384	SCZ	Victoria	GSE21138	G0371	False	dev	GSM528861
D0385	SCZ	Victoria	GSE21138	G0372	False	dev	GSM528862
D0386	SCZ	Victoria	GSE21138	G0373	False	test	GSM528863
D0387	SCZ	Victoria	GSE21138	G0374	False	dev	GSM528864
D0388	SCZ	Victoria	GSE21138	G0375	False	dev	GSM528865
D0389	SCZ	Victoria	GSE21138	G0376	False	dev	GSM528866
D0390	SCZ	Victoria	GSE21138	G0377	False	dev	GSM528867
D0391	SCZ	Victoria	GSE21138	G0378	False	test	GSM528868
D0392	SCZ	Victoria	GSE21138	G0379	False	test	GSM528869
D0393	SCZ	Victoria	GSE21138	G0380	False	test	GSM528870
D0394	SCZ	Victoria	GSE21138	G0381	False	test	GSM528871
D0395	SCZ	Victoria	GSE21138	G0382	False	dev	GSM528872
D0396	SCZ	Victoria	GSE21138	G0383	False	dev	GSM528873
D0397	SCZ	Victoria	GSE21138	G0384	False	dev	GSM528874
D0398	SCZ	Victoria	GSE21138	G0385	False	dev	GSM528875
D0399	SCZ	Victoria	GSE21138	G0386	False	dev	GSM528876
D0400	SCZ	Victoria	GSE21138	G0387	False	dev	GSM528877
D0401	SCZ	Victoria	GSE21138	G0388	False	dev	GSM528878
D0402	SCZ	Victoria	GSE21138	G0389	False	dev	GSM528879
D0403	SCZ	Victoria	GSE21138	G0390	True	dev	GSM528880
D0404	SCZ	Victoria	GSE21138	G0391	False	test	GSM528881
D0405	SCZ	Victoria	GSE21138	G0392	False	dev	GSM528882
D0406	SCZ	Victoria	GSE21138	G0393	False	dev	GSM528883
D0407	SCZ	Victoria	GSE21138	G0394	False	test	GSM528884
D0408	SCZ	Victoria	GSE21138	G0395	False	dev	GSM528885
D0409	SCZ	Victoria	GSE21138	G0396	False	dev	GSM528886
D0410	SCZ	Victoria	GSE21138	G0397	False	dev	GSM528887
D0411	SCZ	Victoria	GSE21138	G0398	False	dev	GSM528888
D0412	SCZ	Victoria	GSE21138	G0399	False	dev	GSM528889
D0413	CTL	Stanley	GSE35978	G0400	False	test	GSM878376
D0414	BD	Stanley	GSE35978	G0401	False	dev	GSM878377
D0415	SCZ	Stanley	GSE35978	G0402	False	dev	GSM878378
D0416	BD	Stanley	GSE35978	G0403	False	dev	GSM878379
D0417	BD	Stanley	GSE35978	G0404	False	dev	GSM878380
D0418	SCZ	Stanley	GSE35978	G0405	False	dev	GSM878381
D0419	BD	Stanley	GSE35978	G0406	False	dev	GSM878382
D0420	BD	Stanley	GSE35978	G0407	False	test	GSM878383
D0421	CTL	Stanley	GSE35978	G0408	False	dev	GSM878384
D0422	CTL	Stanley	GSE35978	G0409	False	dev	GSM878385
D0423	BD	Stanley	GSE35978	G0410	False	dev	GSM878386
D0424	BD	Stanley	GSE35978	G0411	False	dev	GSM878387
D0425	SCZ	Stanley	GSE35978	G0412	False	test	GSM878388
D0426	CTL	Stanley	GSE35978	G0413	False	dev	GSM878389
D0427	SCZ	Stanley	GSE35978	G0414	False	test	GSM878390
D0428	CTL	Stanley	GSE35978	G0419	False	test	GSM878391
D0429	BD	Stanley	GSE35978	G0415	False	dev	GSM878392
D0430	BD	Stanley	GSE35978	G0416	False	test	GSM878393
D0431	BD	Stanley	GSE35978	G0417	False	test	GSM878394
D0432	CTL	Stanley	GSE35978	G0460	False	dev	GSM878395
D0433	BD	Stanley	GSE35978	G0418	False	test	GSM878396
D0434	CTL	Stanley	GSE35978	G0419	False	test	GSM878397
D0435	SCZ	Stanley	GSE35978	G0420	False	dev	GSM878398
D0436	BD	Stanley	GSE35978	G0421	False	dev	GSM878399
D0437	BD	Stanley	GSE35978	G0422	False	test	GSM878400
D0438	CTL	Stanley	GSE35978	G0423	False	dev	GSM878401
D0439	SCZ	Stanley	GSE35978	G0424	False	dev	GSM878402
D0440	SCZ	Stanley	GSE35978	G0425	False	dev	GSM878403
D0441	SCZ	Stanley	GSE35978	G0426	False	dev	GSM878404
D0442	BD	Stanley	GSE35978	G0427	False	dev	GSM878405
D0443	BD	Stanley	GSE35978	G0428	False	dev	GSM878406
D0444	SCZ	Stanley	GSE35978	G0429	False	dev	GSM878407
D0445	SCZ	Stanley	GSE35978	G0430	False	dev	GSM878408
D0446	CTL	Stanley	GSE35978	G0431	False	dev	GSM878409
D0447	CTL	Stanley	GSE35978	G0432	False	dev	GSM878410
D0448	BD	Stanley	GSE35978	G0433	False	dev	GSM878411
D0449	BD	Stanley	GSE35978	G0434	False	dev	GSM878412
D0450	SCZ	Stanley	GSE35978	G0435	False	dev	GSM878413
D0451	SCZ	Stanley	GSE35978	G0436	False	test	GSM878414
D0452	SCZ	Stanley	GSE35978	G0437	False	dev	GSM878415;GSM878416
D0453	CTL	Stanley	GSE35978	G0438	False	dev	GSM878417
D0454	SCZ	Stanley	GSE35978	G0439	False	dev	GSM878418
D0455	CTL	Stanley	GSE35978	G0440	False	dev	GSM878419
D0456	CTL	Stanley	GSE35978	G0441	False	dev	GSM878420
D0457	SCZ	Stanley	GSE35978	G0442	False	dev	GSM878421
D0458	SCZ	Stanley	GSE35978	G0443	False	dev	GSM878422
D0459	CTL	Stanley	GSE35978	G0444	False	dev	GSM878423
D0460	CTL	Stanley	GSE35978	G0445	False	dev	GSM878425
D0461	SCZ	Stanley	GSE35978	G0446	False	dev	GSM878426
D0462	BD	Stanley	GSE35978	G0447	True	dev	GSM878427
D0463	CTL	Stanley	GSE35978	G0448	False	dev	GSM878428
D0464	SCZ	Stanley	GSE35978	G0449	False	dev	GSM878429
D0465	SCZ	Stanley	GSE35978	G0450	False	dev	GSM878430
D0466	CTL	Stanley	GSE35978	G0451	False	dev	GSM878431
D0467	CTL	Stanley	GSE35978	G0452	False	dev	GSM878432
D0468	CTL	Stanley	GSE35978	G0453	False	dev	GSM878433
D0469	CTL	Stanley	GSE35978	G0454	False	dev	GSM878434
D0470	CTL	Stanley	GSE35978	G0455	False	dev	GSM878435
D0471	SCZ	Stanley	GSE35978	G0456	False	dev	GSM878436
D0472	BD	Stanley	GSE35978	G0457	False	dev	GSM878437
D0473	SCZ	Stanley	GSE35978	G0458	False	dev	GSM878438
D0474	CTL	Stanley	GSE35978	G0459	False	dev	GSM878439
D0475	BD	Stanley	GSE35978	G0460	False	dev	GSM878440
D0476	SCZ	Stanley	GSE35978	G0461	False	dev	GSM878441
D0477	BD	Stanley	GSE35978	G0462	False	test	GSM878442
D0478	SCZ	Stanley	GSE35978	G0463	False	dev	GSM878443
D0479	SCZ	Stanley	GSE35978	G0464	False	dev	GSM878444
D0480	BD	Stanley	GSE35978	G0465	False	dev	GSM878445
D0481	CTL	Stanley	GSE35978	G0466	False	dev	GSM878446
D0482	BD	Stanley	GSE35978	G0467	False	dev	GSM878447
D0483	SCZ	Stanley	GSE35978	G0468	False	test	GSM878448
D0484	CTL	Stanley	GSE35978	G0469	False	dev	GSM878449
D0485	CTL	Stanley	GSE35978	G0470	False	dev	GSM878450
D0486	BD	Stanley	GSE35978	G0471	False	test	GSM878451
D0487	CTL	Stanley	GSE35978	G0472	False	test	GSM878452
D0488	SCZ	Stanley	GSE35978	G0473	False	dev	GSM878453
D0489	CTL	Stanley	GSE35978	G0474	False	dev	GSM878454
D0490	BD	Stanley	GSE35978	G0475	False	dev	GSM878455
D0491	CTL	Stanley	GSE35978	G0476	False	test	GSM878456
D0492	SCZ	Stanley	GSE35978	G0477	False	dev	GSM878457
D0493	CTL	Stanley	GSE35978	G0478	False	dev	GSM878458
D0494	BD	Stanley	GSE35978	G0479	False	dev	GSM878459
D0495	SCZ	Stanley	GSE35978	G0480	False	dev	GSM878460
D0496	BD	Stanley	GSE35978	G0481	False	test	GSM878461
D0497	SCZ	Stanley	GSE35978	G0482	False	test	GSM878462
D0498	CTL	Stanley	GSE35978	G0483	False	dev	GSM878463
D0499	SCZ	Stanley	GSE35978	G0484	False	dev	GSM878464
D0500	CTL	Stanley	GSE35978	G0485	False	dev	GSM878465;GSM878466
D0501	SCZ	Stanley	GSE35978	G0486	False	dev	GSM878467
D0502	SCZ	Stanley	GSE35978	G0487	False	dev	GSM878468
D0503	CTL	Stanley	GSE35978	G0460	True	dev	GSM878469
D0504	SCZ	Stanley	GSE35978	G0488	False	test	GSM878470
D0505	BD	Stanley	GSE35978	G0489	False	test	GSM878471
D0506	CTL	Stanley	GSE35978	G0490	False	dev	GSM878472
D0507	SCZ	Stanley	GSE35978	G0491	False	dev	GSM878473
D0508	BD	Stanley	GSE35978	G0492	False	dev	GSM878474
D0509	BD	Stanley	GSE35978	G0493	False	dev	GSM878475
D0510	BD	Stanley	GSE35978	G0494	False	dev	GSM878476
D0511	SCZ	Stanley	GSE35978	G0495	False	dev	GSM878477
D0512	BD	Stanley	GSE35978	G0496	False	dev	GSM878479
D0513	BD	Stanley	GSE35978	G0497	False	test	GSM878480
D0514	CTL	Stanley	GSE35978	G0498	False	dev	GSM878478;GSM878481
D0515	SCZ	Stanley	GSE35978	G0499	False	test	GSM878482
D0516	SCZ	Stanley	GSE35978	G0500	False	test	GSM878483;GSM878484
D0517	MDD	Stanley	GSE35978	G0501	False	dev	GSM878485
D0518	MDD	Stanley	GSE35978	G0502	False	dev	GSM878486
D0519	BD	Stanley	GSE35978	G0503	False	dev	GSM878487
D0520	BD	Stanley	GSE35978	G0504	False	dev	GSM878488
D0521	BD	Stanley	GSE35978	G0505	False	dev	GSM878489
D0522	CTL	Stanley	GSE35978	G0506	False	dev	GSM878490
D0523	SCZ	Stanley	GSE35978	G0507	False	test	GSM878491
D0524	CTL	Stanley	GSE35978	G0508	False	test	GSM878492
D0525	CTL	Stanley	GSE35978	G0509	False	test	GSM878493
D0526	CTL	Stanley	GSE35978	G0510	False	test	GSM878494
D0527	BD	Stanley	GSE35978	G0511	False	test	GSM878495
D0528	SCZ	Stanley	GSE35978	G0512	False	test	GSM878496
D0529	SCZ	Stanley	GSE35978	G0513	False	dev	GSM878497
D0530	SCZ	Stanley	GSE35978	G0514	False	dev	GSM878498
D0531	BD	Stanley	GSE35978	G0515	False	dev	GSM878499
D0532	MDD	Stanley	GSE35978	G0516	False	dev	GSM878500
D0533	MDD	Stanley	GSE35978	G0517	False	dev	GSM878501
D0534	MDD	Stanley	GSE35978	G0518	False	test	GSM878502
D0535	BD	Stanley	GSE35978	G0519	False	dev	GSM878503
D0536	BD	Stanley	GSE35978	G0520	False	test	GSM878504
D0537	SCZ	Stanley	GSE35978	G0521	False	dev	GSM878505
D0538	MDD	Stanley	GSE35978	G0522	False	dev	GSM878506
D0539	SCZ	Stanley	GSE35978	G0523	False	dev	GSM878507
D0540	SCZ	Stanley	GSE35978	G0524	False	test	GSM878508
D0541	CTL	Stanley	GSE35978	G0525	False	dev	GSM878509
D0542	CTL	Stanley	GSE35978	G0526	False	dev	GSM878510
D0543	BD	Stanley	GSE35978	G0527	False	dev	GSM878511
D0544	SCZ	Stanley	GSE35978	G0528	False	dev	GSM878512
D0545	MDD	Stanley	GSE35978	G0529	False	dev	GSM878513
D0546	SCZ	Stanley	GSE35978	G0530	False	dev	GSM878514
D0547	CTL	Stanley	GSE35978	G0531	False	test	GSM878515
D0548	MDD	Stanley	GSE35978	G0532	False	dev	GSM878516
D0549	MDD	Stanley	GSE35978	G0533	False	dev	GSM878517
D0550	SCZ	Stanley	GSE35978	G0534	False	dev	GSM878518
D0551	CTL	Stanley	GSE35978	G0535	False	dev	GSM878519
D0552	BD	Stanley	GSE35978	G0536	False	dev	GSM878520
D0553	SCZ	Stanley	GSE35978	G0537	False	dev	GSM878521
D0554	BD	Stanley	GSE35978	G0538	False	dev	GSM878522
D0555	MDD	Stanley	GSE35978	G0539	False	test	GSM878523
D0556	BD	Stanley	GSE35978	G0540	False	dev	GSM878524
D0557	MDD	Stanley	GSE35978	G0541	False	dev	GSM878525
D0558	BD	Stanley	GSE35978	G0542	False	dev	GSM878526
D0559	MDD	Stanley	GSE35978	G0543	False	dev	GSM878527
D0560	CTL	Stanley	GSE35978	G0544	False	dev	GSM878528
D0561	MDD	Stanley	GSE35978	G0545	False	dev	GSM878529
D0562	SCZ	Stanley	GSE35978	G0546	False	test	GSM878530
D0563	CTL	Stanley	GSE35978	G0547	False	test	GSM878531
D0564	CTL	Stanley	GSE35978	G0548	False	dev	GSM878532
D0565	CTL	Stanley	GSE35978	G0549	False	test	GSM878533
D0566	MDD	Stanley	GSE35978	G0550	False	test	GSM878534
D0567	CTL	Stanley	GSE35978	G0551	False	test	GSM878535
D0568	CTL	Stanley	GSE35978	G0552	False	dev	GSM878536
