gse_a	donor_a	gse_b	donor_b	sex	age	pmi_a	pmi_b	ph_a	ph_b	dx_a	dx_b
GSE17612	C002	GSE21935	C002	F	87.0	14.5	14.5	6.5	6.5	CTL	CTL
GSE17612	C005	GSE21935	C005	M	91.0	13.0	13.0	6.3	6.3	CTL	CTL
GSE17612	C007	GSE21935	C007	M	54.0	12.0	12.0	6.6	6.6	CTL	CTL
GSE17612	C008	GSE21935	C008	F	94.0	9.5	9.5	6.3	6.3	CTL	CTL
GSE17612	C010	GSE21935	C010	F	90.0	12.5	12.5	5.7	5.7	CTL	CTL
GSE17612	C011	GSE21935	C011	F	89.0	5.0	5.0	6.5	6.5	CTL	CTL
GSE17612	C016	GSE21935	C016	M	60.0	16.0	16.0	6.9	6.9	CTL	CTL
GSE17612	C017	GSE21935	C017	M	72.0	12.0	12.0	6.8	6.8	CTL	CTL
GSE17612	C018	GSE21935	C018	F	67.0	6.0	6.0	6.7	6.7	CTL	CTL
GSE17612	C019	GSE21935	C019	F	46.0	4.0	4.0	6.6	6.6	CTL	CTL
GSE17612	C020	GSE21935	C020	M	25.0	12.0	12.0	6.6	6.6	CTL	CTL
GSE17612	C021	GSE21935	C021	M	25.0	17.0	17.0	6.9	6.9	CTL	CTL
GSE17612	C022	GSE21935	C022	F	68.0	6.0	6.0	6.4	6.4	CTL	CTL
GSE17612	C023	GSE21935	C023	M	38.0	6.0	6.0	6.9	6.9	CTL	CTL
GSE17612	C024	GSE21935	C024	F	78.0	8.0	8.0	6.7	6.7	CTL	CTL
GSE17612	C028	GSE21935	C028	F	54.0	4.0	4.0	6.5	6.5	CTL	CTL
GSE17612	S001	GSE21935	S001	F	75.0	3.0	3.0	6.0	6.0	SCZ	SCZ
GSE17612	S002	GSE21935	S002	M	82.0	11.0	11.0	6.0	6.0	SCZ	SCZ
GSE17612	S004	GSE21935	S004	F	88.0	7.0	7.0	5.7	5.7	SCZ	SCZ
GSE17612	S005	GSE21935	S005	M	82.0	11.0	11.0	6.4	6.4	SCZ	SCZ
GSE17612	S006	GSE21935	S006	M	79.0	4.0	4.0	6.2	6.2	SCZ	SCZ
GSE17612	S007	GSE21935	S007	F	67.0	3.5	3.5	6.1	6.1	SCZ	SCZ
GSE17612	S009	GSE21935	S009	M	87.0	3.5	3.5	6.0	6.0	SCZ	SCZ
GSE17612	S011	GSE21935	S011	M	82.0	5.0	5.0	6.2	6.2	SCZ	SCZ
GSE17612	S012	GSE21935	S012	M	63.0	30.0	30.0	6.5	6.5	SCZ	SCZ
GSE17612	S013	GSE21935	S013	F	65.0	3.0	3.0	6.1	6.1	SCZ	SCZ
GSE17612	S019	GSE21935	S019	M	79.0	4.5	4.5	6.3	6.3	SCZ	SCZ
GSE17612	S021	GSE21935	S021	M	71.0	6.5	6.5	6.0	6.0	SCZ	SCZ
GSE17612	S022	GSE21935	S022	M	44.0	4.0	4.0	6.3	6.3	SCZ	SCZ
GSE17612	S023	GSE21935	S023	F	97.0	3.5	3.5	6.2	6.2	SCZ	SCZ
GSE17612	S024	GSE21935	S024	M	75.0	9.0	9.0	6.3	6.3	SCZ	SCZ
GSE17612	S025	GSE21935	S025	M	41.0	8.0	8.0	6.3	6.3	SCZ	SCZ
GSE17612	S027	GSE21935	S027	M	77.0	3.0	3.0	6.1	6.1	SCZ	SCZ
GSE17612	S028	GSE21935	S028	F	28.0	11.0	11.0	6.3	6.3	SCZ	SCZ
GSE17612	S031	GSE21935	S031	M	79.0	4.5	4.5	6.1	6.1	SCZ	SCZ
GSE35978	k13	GSE5388	mr646	M	35.0	35.0	35.0	6.3	6.3	BD	BD
GSE35978	k19	GSE5388	mr520	F	35.0	17.0	17.0	6.1	6.1	BD	BD
GSE35978	k32	GSE5388	mr304	M	45.0	28.0	28.0	6.35	6.35	BD	BD
GSE35978	k36	GSE5388	mr407	M	35.0	52.0	52.0	6.7	6.7	CTL	CTL
GSE35978	k43	GSE5388	mr276	M	45.0	29.0	29.0	6.94	6.94	CTL	CTL
GSE35978	k51	GSE5388	mr951	M	45.0	18.0	18.0	6.81	6.81	CTL	CTL
GSE35978	k60	GSE5388	mr953	F	50.0	62.0	62.0	6.51	6.51	BD	BD
GSE35978	k62	GSE5388	mr537	M	55.0	31.0	31.0	6.7	6.7	CTL	CTL
GSE35978	k72	GSE5388	mr801	M	50.0	49.0	49.0	6.75	6.75	CTL	CTL
GSE35978	k82	GSE5388	mr544	M	40.0	38.0	38.0	6.67	6.67	CTL	CTL
