expr	chip	gse	region	gsm	title	dx	donor_local	y_score	xist	y_margin	y_sep	xist_sep	sex_reported	sex_expr	mismatch
GSE54567__HG-U133_Plus_2	HG-U133_Plus_2	GSE54567	PFC_BA9	GSM1319050	Control matched sample pair brain dorsolateral prefrontal cortex BA9_M #1	CTL	Mpair1_CTL	6.472	3.902	0.491	2.65	5.12	M	M	False
GSE54567__HG-U133_Plus_2	HG-U133_Plus_2	GSE54567	PFC_BA9	GSM1319051	Control matched sample pair brain dorsolateral prefrontal cortex BA9_M #2	CTL	Mpair2_CTL	6.402	3.898	0.465	2.65	5.12	M	M	False
GSE54567__HG-U133_Plus_2	HG-U133_Plus_2	GSE54567	PFC_BA9	GSM1319052	Control matched sample pair brain dorsolateral prefrontal cortex BA9_M #4	CTL	Mpair4_CTL	6.379	3.758	0.456	2.65	5.12	M	M	False
GSE54567__HG-U133_Plus_2	HG-U133_Plus_2	GSE54567	PFC_BA9	GSM1319053	Control matched sample pair brain dorsolateral prefrontal cortex BA9_M #7	CTL	Mpair7_CTL	6.469	3.873	0.49	2.65	5.12	M	M	False
GSE54567__HG-U133_Plus_2	HG-U133_Plus_2	GSE54567	PFC_BA9	GSM1319054	Control matched sample pair brain dorsolateral prefrontal cortex BA9_M #11	CTL	Mpair11_CTL	6.677	4.939	0.568	2.65	5.12	M	M	False
GSE54567__HG-U133_Plus_2	HG-U133_Plus_2	GSE54567	PFC_BA9	GSM1319055	Control matched sample pair brain dorsolateral prefrontal cortex BA9_M #15	CTL	Mpair15_CTL	6.562	3.963	0.525	2.65	5.12	M	M	False
GSE54567__HG-U133_Plus_2	HG-U133_Plus_2	GSE54567	PFC_BA9	GSM1319056	Control matched sample pair brain dorsolateral prefrontal cortex BA9_M #18	CTL	Mpair18_CTL	6.352	3.906	0.446	2.65	5.12	M	M	False
GSE54567__HG-U133_Plus_2	HG-U133_Plus_2	GSE54567	PFC_BA9	GSM1319057	Control matched sample pair brain dorsolateral prefrontal cortex BA9_M #20	CTL	Mpair20_CTL	6.677	3.682	0.568	2.65	5.12	M	M	False
GSE54567__HG-U133_Plus_2	HG-U133_Plus_2	GSE54567	PFC_BA9	GSM1319058	Control matched sample pair brain dorsolateral prefrontal cortex BA9_M #22	CTL	Mpair22_CTL	6.303	3.824	0.427	2.65	5.12	M	M	False
GSE54567__HG-U133_Plus_2	HG-U133_Plus_2	GSE54567	PFC_BA9	GSM1319059	Control matched sample pair brain dorsolateral prefrontal cortex BA9_M #25	CTL	Mpair25_CTL	6.585	3.921	0.534	2.65	5.12	M	M	False
GSE54567__HG-U133_Plus_2	HG-U133_Plus_2	GSE54567	PFC_BA9	GSM1319060	Control matched sample pair brain dorsolateral prefrontal cortex BA9_M #26	CTL	Mpair26_CTL	6.331	3.985	0.438	2.65	5.12	M	M	False
GSE54567__HG-U133_Plus_2	HG-U133_Plus_2	GSE54567	PFC_BA9	GSM1319061	Control matched sample pair brain dorsolateral prefrontal cortex BA9_M #27	CTL	Mpair27_CTL	6.17	3.782	0.377	2.65	5.12	M	M	False
GSE54567__HG-U133_Plus_2	HG-U133_Plus_2	GSE54567	PFC_BA9	GSM1319062	Control matched sample pair brain dorsolateral prefrontal cortex BA9_M #29	CTL	Mpair29_CTL	6.43	3.759	0.475	2.65	5.12	M	M	False
GSE54567__HG-U133_Plus_2	HG-U133_Plus_2	GSE54567	PFC_BA9	GSM1319063	Control matched sample pair brain dorsolateral prefrontal cortex BA9_M #30	CTL	Mpair30_CTL	6.564	3.923	0.526	2.65	5.12	M	M	False
GSE54567__HG-U133_Plus_2	HG-U133_Plus_2	GSE54567	PFC_BA9	GSM1319064	MDD matched sample pair brain dorsolateral prefrontal cortex BA9_M #1	MDD	Mpair1_MDD	6.287	3.812	0.421	2.65	5.12	M	M	False
GSE54567__HG-U133_Plus_2	HG-U133_Plus_2	GSE54567	PFC_BA9	GSM1319065	MDD matched sample pair brain dorsolateral prefrontal cortex BA9_M #2	MDD	Mpair2_MDD	6.498	4.003	0.501	2.65	5.12	M	M	False
GSE54567__HG-U133_Plus_2	HG-U133_Plus_2	GSE54567	PFC_BA9	GSM1319066	MDD matched sample pair brain dorsolateral prefrontal cortex BA9_M #4	MDD	Mpair4_MDD	6.377	3.93	0.455	2.65	5.12	M	M	False
GSE54567__HG-U133_Plus_2	HG-U133_Plus_2	GSE54567	PFC_BA9	GSM1319067	MDD matched sample pair brain dorsolateral prefrontal cortex BA9_M #7	MDD	Mpair7_MDD	6.594	3.863	0.537	2.65	5.12	M	M	False
GSE54567__HG-U133_Plus_2	HG-U133_Plus_2	GSE54567	PFC_BA9	GSM1319068	MDD matched sample pair brain dorsolateral prefrontal cortex BA9_M #11	MDD	Mpair11_MDD	6.566	3.748	0.527	2.65	5.12	M	M	False
GSE54567__HG-U133_Plus_2	HG-U133_Plus_2	GSE54567	PFC_BA9	GSM1319069	MDD matched sample pair brain dorsolateral prefrontal cortex BA9_M #15	MDD	Mpair15_MDD	6.729	3.819	0.588	2.65	5.12	M	M	False
GSE54567__HG-U133_Plus_2	HG-U133_Plus_2	GSE54567	PFC_BA9	GSM1319070	MDD matched sample pair brain dorsolateral prefrontal cortex BA9_M #18	MDD	Mpair18_MDD	6.465	3.974	0.488	2.65	5.12	M	M	False
GSE54567__HG-U133_Plus_2	HG-U133_Plus_2	GSE54567	PFC_BA9	GSM1319071	MDD matched sample pair brain dorsolateral prefrontal cortex BA9_M #20	MDD	Mpair20_MDD	6.473	3.889	0.491	2.65	5.12	M	M	False
GSE54567__HG-U133_Plus_2	HG-U133_Plus_2	GSE54567	PFC_BA9	GSM1319072	MDD matched sample pair brain dorsolateral prefrontal cortex BA9_M #22	MDD	Mpair22_MDD	6.547	3.753	0.519	2.65	5.12	M	M	False
GSE54567__HG-U133_Plus_2	HG-U133_Plus_2	GSE54567	PFC_BA9	GSM1319073	MDD matched sample pair brain dorsolateral prefrontal cortex BA9_M #25	MDD	Mpair25_MDD	6.564	3.975	0.526	2.65	5.12	M	M	False
GSE54567__HG-U133_Plus_2	HG-U133_Plus_2	GSE54567	PFC_BA9	GSM1319074	MDD matched sample pair brain dorsolateral prefrontal cortex BA9_M #26	MDD	Mpair26_MDD	6.477	3.782	0.493	2.65	5.12	M	M	False
GSE54567__HG-U133_Plus_2	HG-U133_Plus_2	GSE54567	PFC_BA9	GSM1319075	MDD matched sample pair brain dorsolateral prefrontal cortex BA9_M #27	MDD	Mpair27_MDD	6.488	4.676	0.497	2.65	5.12	M	M	False
GSE54567__HG-U133_Plus_2	HG-U133_Plus_2	GSE54567	PFC_BA9	GSM1319076	MDD matched sample pair brain dorsolateral prefrontal cortex BA9_M #29	MDD	Mpair29_MDD	6.627	3.871	0.55	2.65	5.12	M	M	False
GSE54567__HG-U133_Plus_2	HG-U133_Plus_2	GSE54567	PFC_BA9	GSM1319077	MDD matched sample pair brain dorsolateral prefrontal cortex BA9_M #30	MDD	Mpair30_MDD	6.416	3.86	0.47	2.65	5.12	M	M	False
GSE54568__HG-U133_Plus_2	HG-U133_Plus_2	GSE54568	PFC_BA9	GSM1319078	Control matched sample pair brain dorsolateral prefrontal cortex BA9_F #3	CTL	Fpair3_CTL	3.816	9.422	-0.509	2.65	5.12	F	F	False
GSE54568__HG-U133_Plus_2	HG-U133_Plus_2	GSE54568	PFC_BA9	GSM1319079	Control matched sample pair brain dorsolateral prefrontal cortex BA9_F #5	CTL	Fpair5_CTL	3.825	9.033	-0.506	2.65	5.12	F	F	False
GSE54568__HG-U133_Plus_2	HG-U133_Plus_2	GSE54568	PFC_BA9	GSM1319080	Control matched sample pair brain dorsolateral prefrontal cortex BA9_F #6	CTL	Fpair6_CTL	3.87	9.063	-0.489	2.65	5.12	F	F	False
GSE54568__HG-U133_Plus_2	HG-U133_Plus_2	GSE54568	PFC_BA9	GSM1319081	Control matched sample pair brain dorsolateral prefrontal cortex BA9_F #8	CTL	Fpair8_CTL	3.82	8.936	-0.508	2.65	5.12	F	F	False
GSE54568__HG-U133_Plus_2	HG-U133_Plus_2	GSE54568	PFC_BA9	GSM1319082	Control matched sample pair brain dorsolateral prefrontal cortex BA9_F #9	CTL	Fpair9_CTL	3.825	8.789	-0.506	2.65	5.12	F	F	False
GSE54568__HG-U133_Plus_2	HG-U133_Plus_2	GSE54568	PFC_BA9	GSM1319083	Control matched sample pair brain dorsolateral prefrontal cortex BA9_F #10	CTL	Fpair10_CTL	3.768	8.713	-0.528	2.65	5.12	F	F	False
GSE54568__HG-U133_Plus_2	HG-U133_Plus_2	GSE54568	PFC_BA9	GSM1319084	Control matched sample pair brain dorsolateral prefrontal cortex BA9_F #12	CTL	Fpair12_CTL	3.769	8.83	-0.527	2.65	5.12	F	F	False
GSE54568__HG-U133_Plus_2	HG-U133_Plus_2	GSE54568	PFC_BA9	GSM1319085	Control matched sample pair brain dorsolateral prefrontal cortex BA9_F #13	CTL	Fpair13_CTL	3.796	9.145	-0.517	2.65	5.12	F	F	False
GSE54568__HG-U133_Plus_2	HG-U133_Plus_2	GSE54568	PFC_BA9	GSM1319086	Control matched sample pair brain dorsolateral prefrontal cortex BA9_F #14	CTL	Fpair14_CTL	3.769	8.782	-0.527	2.65	5.12	F	F	False
GSE54568__HG-U133_Plus_2	HG-U133_Plus_2	GSE54568	PFC_BA9	GSM1319087	Control matched sample pair brain dorsolateral prefrontal cortex BA9_F #16	CTL	Fpair16_CTL	4.038	8.695	-0.426	2.65	5.12	F	F	False
GSE54568__HG-U133_Plus_2	HG-U133_Plus_2	GSE54568	PFC_BA9	GSM1319088	Control matched sample pair brain dorsolateral prefrontal cortex BA9_F #17	CTL	Fpair17_CTL	3.723	9.01	-0.544	2.65	5.12	F	F	False
GSE54568__HG-U133_Plus_2	HG-U133_Plus_2	GSE54568	PFC_BA9	GSM1319089	Control matched sample pair brain dorsolateral prefrontal cortex BA9_F #19	CTL	Fpair19_CTL	3.8	8.875	-0.516	2.65	5.12	F	F	False
GSE54568__HG-U133_Plus_2	HG-U133_Plus_2	GSE54568	PFC_BA9	GSM1319090	Control matched sample pair brain dorsolateral prefrontal cortex BA9_F #21	CTL	Fpair21_CTL	3.848	8.489	-0.497	2.65	5.12	F	F	False
GSE54568__HG-U133_Plus_2	HG-U133_Plus_2	GSE54568	PFC_BA9	GSM1319091	Control matched sample pair brain dorsolateral prefrontal cortex BA9_F #24	CTL	Fpair24_CTL	3.851	8.601	-0.496	2.65	5.12	F	F	False
GSE54568__HG-U133_Plus_2	HG-U133_Plus_2	GSE54568	PFC_BA9	GSM1319092	Control matched sample pair brain dorsolateral prefrontal cortex BA9_F #28	CTL	Fpair28_CTL	3.945	8.765	-0.461	2.65	5.12	F	F	False
GSE54568__HG-U133_Plus_2	HG-U133_Plus_2	GSE54568	PFC_BA9	GSM1319093	MDD matched sample pair brain dorsolateral prefrontal cortex BA9_F #3	MDD	Fpair3_MDD	3.905	8.914	-0.476	2.65	5.12	F	F	False
GSE54568__HG-U133_Plus_2	HG-U133_Plus_2	GSE54568	PFC_BA9	GSM1319094	MDD matched sample pair brain dorsolateral prefrontal cortex BA9_F #5	MDD	Fpair5_MDD	3.807	9.64	-0.513	2.65	5.12	F	F	False
GSE54568__HG-U133_Plus_2	HG-U133_Plus_2	GSE54568	PFC_BA9	GSM1319095	MDD matched sample pair brain dorsolateral prefrontal cortex BA9_F #6	MDD	Fpair6_MDD	3.835	9.616	-0.502	2.65	5.12	F	F	False
GSE54568__HG-U133_Plus_2	HG-U133_Plus_2	GSE54568	PFC_BA9	GSM1319096	MDD matched sample pair brain dorsolateral prefrontal cortex BA9_F #8	MDD	Fpair8_MDD	3.826	9.385	-0.506	2.65	5.12	F	F	False
GSE54568__HG-U133_Plus_2	HG-U133_Plus_2	GSE54568	PFC_BA9	GSM1319097	MDD matched sample pair brain dorsolateral prefrontal cortex BA9_F #9	MDD	Fpair9_MDD	3.837	8.882	-0.502	2.65	5.12	F	F	False
GSE54568__HG-U133_Plus_2	HG-U133_Plus_2	GSE54568	PFC_BA9	GSM1319098	MDD matched sample pair brain dorsolateral prefrontal cortex BA9_F #10	MDD	Fpair10_MDD	3.925	8.735	-0.468	2.65	5.12	F	F	False
GSE54568__HG-U133_Plus_2	HG-U133_Plus_2	GSE54568	PFC_BA9	GSM1319099	MDD matched sample pair brain dorsolateral prefrontal cortex BA9_F #12	MDD	Fpair12_MDD	3.887	8.908	-0.483	2.65	5.12	F	F	False
GSE54568__HG-U133_Plus_2	HG-U133_Plus_2	GSE54568	PFC_BA9	GSM1319100	MDD matched sample pair brain dorsolateral prefrontal cortex BA9_F #13	MDD	Fpair13_MDD	3.755	9.408	-0.533	2.65	5.12	F	F	False
GSE54568__HG-U133_Plus_2	HG-U133_Plus_2	GSE54568	PFC_BA9	GSM1319101	MDD matched sample pair brain dorsolateral prefrontal cortex BA9_F #14	MDD	Fpair14_MDD	3.879	8.662	-0.486	2.65	5.12	F	F	False
GSE54568__HG-U133_Plus_2	HG-U133_Plus_2	GSE54568	PFC_BA9	GSM1319102	MDD matched sample pair brain dorsolateral prefrontal cortex BA9_F #16	MDD	Fpair16_MDD	3.848	8.989	-0.497	2.65	5.12	F	F	False
GSE54568__HG-U133_Plus_2	HG-U133_Plus_2	GSE54568	PFC_BA9	GSM1319103	MDD matched sample pair brain dorsolateral prefrontal cortex BA9_F #17	MDD	Fpair17_MDD	3.939	8.734	-0.463	2.65	5.12	F	F	False
GSE54568__HG-U133_Plus_2	HG-U133_Plus_2	GSE54568	PFC_BA9	GSM1319104	MDD matched sample pair brain dorsolateral prefrontal cortex BA9_F #19	MDD	Fpair19_MDD	3.854	8.845	-0.495	2.65	5.12	F	F	False
GSE54568__HG-U133_Plus_2	HG-U133_Plus_2	GSE54568	PFC_BA9	GSM1319105	MDD matched sample pair brain dorsolateral prefrontal cortex BA9_F #21	MDD	Fpair21_MDD	3.858	9.013	-0.494	2.65	5.12	F	F	False
GSE54568__HG-U133_Plus_2	HG-U133_Plus_2	GSE54568	PFC_BA9	GSM1319106	MDD matched sample pair brain dorsolateral prefrontal cortex BA9_F #24	MDD	Fpair24_MDD	3.908	9.304	-0.475	2.65	5.12	F	F	False
GSE54568__HG-U133_Plus_2	HG-U133_Plus_2	GSE54568	PFC_BA9	GSM1319107	MDD matched sample pair brain dorsolateral prefrontal cortex BA9_F #28	MDD	Fpair28_MDD	3.752	9.006	-0.534	2.65	5.12	F	F	False
GSE54571__HG-U133_Plus_2	HG-U133_Plus_2	GSE54571	ACC_BA25	GSM1319142	Control matched sample pair brain anterior cingulate cortex BA25_F #3	CTL	Fpair3_CTL	3.949	9.695	-0.46	2.65	5.12	F	F	False
GSE54571__HG-U133_Plus_2	HG-U133_Plus_2	GSE54571	ACC_BA25	GSM1319143	Control matched sample pair brain anterior cingulate cortex BA25_F #5	CTL	Fpair5_CTL	3.778	8.9	-0.524	2.65	5.12	F	F	False
GSE54571__HG-U133_Plus_2	HG-U133_Plus_2	GSE54571	ACC_BA25	GSM1319144	Control matched sample pair brain anterior cingulate cortex BA25_F #8	CTL	Fpair8_CTL	3.815	9.186	-0.51	2.65	5.12	F	F	False
GSE54571__HG-U133_Plus_2	HG-U133_Plus_2	GSE54571	ACC_BA25	GSM1319145	Control matched sample pair brain anterior cingulate cortex BA25_F #9	CTL	Fpair9_CTL	3.864	8.904	-0.492	2.65	5.12	F	F	False
GSE54571__HG-U133_Plus_2	HG-U133_Plus_2	GSE54571	ACC_BA25	GSM1319146	Control matched sample pair brain anterior cingulate cortex BA25_F #10	CTL	Fpair10_CTL	3.882	9.068	-0.485	2.65	5.12	F	F	False
GSE54571__HG-U133_Plus_2	HG-U133_Plus_2	GSE54571	ACC_BA25	GSM1319147	Control matched sample pair brain anterior cingulate cortex BA25_F #12	CTL	Fpair12_CTL	3.845	8.808	-0.499	2.65	5.12	F	F	False
GSE54571__HG-U133_Plus_2	HG-U133_Plus_2	GSE54571	ACC_BA25	GSM1319148	Control matched sample pair brain anterior cingulate cortex BA25_F #13	CTL	Fpair13_CTL	3.716	9.246	-0.547	2.65	5.12	F	F	False
GSE54571__HG-U133_Plus_2	HG-U133_Plus_2	GSE54571	ACC_BA25	GSM1319149	Control matched sample pair brain anterior cingulate cortex BA25_F #14	CTL	Fpair14_CTL	3.766	8.782	-0.528	2.65	5.12	F	F	False
GSE54571__HG-U133_Plus_2	HG-U133_Plus_2	GSE54571	ACC_BA25	GSM1319150	Control matched sample pair brain anterior cingulate cortex BA25_F #16	CTL	Fpair16_CTL	3.823	9.279	-0.507	2.65	5.12	F	F	False
GSE54571__HG-U133_Plus_2	HG-U133_Plus_2	GSE54571	ACC_BA25	GSM1319151	Control matched sample pair brain anterior cingulate cortex BA25_F #17	CTL	Fpair17_CTL	3.79	9.001	-0.519	2.65	5.12	F	F	False
GSE54571__HG-U133_Plus_2	HG-U133_Plus_2	GSE54571	ACC_BA25	GSM1319152	Control matched sample pair brain anterior cingulate cortex BA25_F #19	CTL	Fpair19_CTL	3.831	8.985	-0.504	2.65	5.12	F	F	False
GSE54571__HG-U133_Plus_2	HG-U133_Plus_2	GSE54571	ACC_BA25	GSM1319153	Control matched sample pair brain anterior cingulate cortex BA25_F #21	CTL	Fpair21_CTL	3.804	8.844	-0.514	2.65	5.12	F	F	False
GSE54571__HG-U133_Plus_2	HG-U133_Plus_2	GSE54571	ACC_BA25	GSM1319154	Control matched sample pair brain anterior cingulate cortex BA25_F #24	CTL	Fpair24_CTL	3.882	9.246	-0.485	2.65	5.12	F	F	False
GSE54571__HG-U133_Plus_2	HG-U133_Plus_2	GSE54571	ACC_BA25	GSM1319155	MDD matched sample pair brain anterior cingulate cortex BA25_F #3	MDD	Fpair3_MDD	3.869	9.167	-0.49	2.65	5.12	F	F	False
GSE54571__HG-U133_Plus_2	HG-U133_Plus_2	GSE54571	ACC_BA25	GSM1319156	MDD matched sample pair brain anterior cingulate cortex BA25_F #5	MDD	Fpair5_MDD	3.917	8.802	-0.472	2.65	5.12	F	F	False
GSE54571__HG-U133_Plus_2	HG-U133_Plus_2	GSE54571	ACC_BA25	GSM1319157	MDD matched sample pair brain anterior cingulate cortex BA25_F #8	MDD	Fpair8_MDD	3.813	9.601	-0.511	2.65	5.12	F	F	False
GSE54571__HG-U133_Plus_2	HG-U133_Plus_2	GSE54571	ACC_BA25	GSM1319158	MDD matched sample pair brain anterior cingulate cortex BA25_F #9	MDD	Fpair9_MDD	3.872	8.89	-0.488	2.65	5.12	F	F	False
GSE54571__HG-U133_Plus_2	HG-U133_Plus_2	GSE54571	ACC_BA25	GSM1319159	MDD matched sample pair brain anterior cingulate cortex BA25_F #10	MDD	Fpair10_MDD	3.839	8.851	-0.501	2.65	5.12	F	F	False
GSE54571__HG-U133_Plus_2	HG-U133_Plus_2	GSE54571	ACC_BA25	GSM1319160	MDD matched sample pair brain anterior cingulate cortex BA25_F #12	MDD	Fpair12_MDD	3.746	8.798	-0.536	2.65	5.12	F	F	False
GSE54571__HG-U133_Plus_2	HG-U133_Plus_2	GSE54571	ACC_BA25	GSM1319161	MDD matched sample pair brain anterior cingulate cortex BA25_F #13	MDD	Fpair13_MDD	3.825	9.381	-0.506	2.65	5.12	F	F	False
GSE54571__HG-U133_Plus_2	HG-U133_Plus_2	GSE54571	ACC_BA25	GSM1319162	MDD matched sample pair brain anterior cingulate cortex BA25_F #14	MDD	Fpair14_MDD	3.955	8.718	-0.457	2.65	5.12	F	F	False
GSE54571__HG-U133_Plus_2	HG-U133_Plus_2	GSE54571	ACC_BA25	GSM1319163	MDD matched sample pair brain anterior cingulate cortex BA25_F #16	MDD	Fpair16_MDD	3.805	9.184	-0.514	2.65	5.12	F	F	False
GSE54571__HG-U133_Plus_2	HG-U133_Plus_2	GSE54571	ACC_BA25	GSM1319164	MDD matched sample pair brain anterior cingulate cortex BA25_F #17	MDD	Fpair17_MDD	3.85	8.911	-0.497	2.65	5.12	F	F	False
GSE54571__HG-U133_Plus_2	HG-U133_Plus_2	GSE54571	ACC_BA25	GSM1319165	MDD matched sample pair brain anterior cingulate cortex BA25_F #19	MDD	Fpair19_MDD	3.868	9.108	-0.49	2.65	5.12	F	F	False
GSE54571__HG-U133_Plus_2	HG-U133_Plus_2	GSE54571	ACC_BA25	GSM1319166	MDD matched sample pair brain anterior cingulate cortex BA25_F #21	MDD	Fpair21_MDD	3.856	9.27	-0.495	2.65	5.12	F	F	False
GSE54571__HG-U133_Plus_2	HG-U133_Plus_2	GSE54571	ACC_BA25	GSM1319167	MDD matched sample pair brain anterior cingulate cortex BA25_F #24	MDD	Fpair24_MDD	3.876	9.437	-0.487	2.65	5.12	F	F	False
GSE54572__HG-U133_Plus_2	HG-U133_Plus_2	GSE54572	ACC_BA25	GSM1319168	Control matched sample pair brain anterior cingulate cortex BA25_M #2	CTL	Mpair2_CTL	6.497	3.955	0.5	2.65	5.12	M	M	False
GSE54572__HG-U133_Plus_2	HG-U133_Plus_2	GSE54572	ACC_BA25	GSM1319169	Control matched sample pair brain anterior cingulate cortex BA25_M #4	CTL	Mpair4_CTL	6.546	3.889	0.519	2.65	5.12	M	M	False
GSE54572__HG-U133_Plus_2	HG-U133_Plus_2	GSE54572	ACC_BA25	GSM1319170	Control matched sample pair brain anterior cingulate cortex BA25_M #7	CTL	Mpair7_CTL	6.385	3.94	0.458	2.65	5.12	M	M	False
GSE54572__HG-U133_Plus_2	HG-U133_Plus_2	GSE54572	ACC_BA25	GSM1319171	Control matched sample pair brain anterior cingulate cortex BA25_M #11	CTL	Mpair11_CTL	6.277	4.106	0.417	2.65	5.12	M	M	False
GSE54572__HG-U133_Plus_2	HG-U133_Plus_2	GSE54572	ACC_BA25	GSM1319172	Control matched sample pair brain anterior cingulate cortex BA25_M #15	CTL	Mpair15_CTL	6.542	3.832	0.517	2.65	5.12	M	M	False
GSE54572__HG-U133_Plus_2	HG-U133_Plus_2	GSE54572	ACC_BA25	GSM1319173	Control matched sample pair brain anterior cingulate cortex BA25_M #18	CTL	Mpair18_CTL	6.676	3.688	0.568	2.65	5.12	M	M	False
GSE54572__HG-U133_Plus_2	HG-U133_Plus_2	GSE54572	ACC_BA25	GSM1319174	Control matched sample pair brain anterior cingulate cortex BA25_M #20	CTL	Mpair20_CTL	6.623	3.981	0.548	2.65	5.12	M	M	False
GSE54572__HG-U133_Plus_2	HG-U133_Plus_2	GSE54572	ACC_BA25	GSM1319175	Control matched sample pair brain anterior cingulate cortex BA25_M #22	CTL	Mpair22_CTL	6.617	3.715	0.546	2.65	5.12	M	M	False
GSE54572__HG-U133_Plus_2	HG-U133_Plus_2	GSE54572	ACC_BA25	GSM1319176	Control matched sample pair brain anterior cingulate cortex BA25_M #25	CTL	Mpair25_CTL	6.586	3.971	0.534	2.65	5.12	M	M	False
GSE54572__HG-U133_Plus_2	HG-U133_Plus_2	GSE54572	ACC_BA25	GSM1319177	Control matched sample pair brain anterior cingulate cortex BA25_M #26	CTL	Mpair26_CTL	6.417	3.817	0.47	2.65	5.12	M	M	False
GSE54572__HG-U133_Plus_2	HG-U133_Plus_2	GSE54572	ACC_BA25	GSM1319178	Control matched sample pair brain anterior cingulate cortex BA25_M #29	CTL	Mpair29_CTL	6.352	3.774	0.446	2.65	5.12	M	M	False
GSE54572__HG-U133_Plus_2	HG-U133_Plus_2	GSE54572	ACC_BA25	GSM1319179	Control matched sample pair brain anterior cingulate cortex BA25_M #30	CTL	Mpair30_CTL	6.423	3.698	0.473	2.65	5.12	M	M	False
GSE54572__HG-U133_Plus_2	HG-U133_Plus_2	GSE54572	ACC_BA25	GSM1319180	MDD matched sample pair brain anterior cingulate cortex BA25_M #2	MDD	Mpair2_MDD	6.474	3.963	0.492	2.65	5.12	M	M	False
GSE54572__HG-U133_Plus_2	HG-U133_Plus_2	GSE54572	ACC_BA25	GSM1319181	MDD matched sample pair brain anterior cingulate cortex BA25_M #4	MDD	Mpair4_MDD	6.343	3.936	0.442	2.65	5.12	M	M	False
GSE54572__HG-U133_Plus_2	HG-U133_Plus_2	GSE54572	ACC_BA25	GSM1319182	MDD matched sample pair brain anterior cingulate cortex BA25_M #7	MDD	Mpair7_MDD	6.464	3.915	0.488	2.65	5.12	M	M	False
GSE54572__HG-U133_Plus_2	HG-U133_Plus_2	GSE54572	ACC_BA25	GSM1319183	MDD matched sample pair brain anterior cingulate cortex BA25_M #11	MDD	Mpair11_MDD	6.493	3.862	0.499	2.65	5.12	M	M	False
GSE54572__HG-U133_Plus_2	HG-U133_Plus_2	GSE54572	ACC_BA25	GSM1319184	MDD matched sample pair brain anterior cingulate cortex BA25_M #15	MDD	Mpair15_MDD	6.686	3.819	0.572	2.65	5.12	M	M	False
GSE54572__HG-U133_Plus_2	HG-U133_Plus_2	GSE54572	ACC_BA25	GSM1319185	MDD matched sample pair brain anterior cingulate cortex BA25_M #18	MDD	Mpair18_MDD	6.513	3.841	0.506	2.65	5.12	M	M	False
GSE54572__HG-U133_Plus_2	HG-U133_Plus_2	GSE54572	ACC_BA25	GSM1319186	MDD matched sample pair brain anterior cingulate cortex BA25_M #20	MDD	Mpair20_MDD	6.737	3.794	0.591	2.65	5.12	M	M	False
GSE54572__HG-U133_Plus_2	HG-U133_Plus_2	GSE54572	ACC_BA25	GSM1319187	MDD matched sample pair brain anterior cingulate cortex BA25_M #22	MDD	Mpair22_MDD	6.533	3.864	0.514	2.65	5.12	M	M	False
GSE54572__HG-U133_Plus_2	HG-U133_Plus_2	GSE54572	ACC_BA25	GSM1319188	MDD matched sample pair brain anterior cingulate cortex BA25_M #25	MDD	Mpair25_MDD	6.555	3.809	0.522	2.65	5.12	M	M	False
GSE54572__HG-U133_Plus_2	HG-U133_Plus_2	GSE54572	ACC_BA25	GSM1319189	MDD matched sample pair brain anterior cingulate cortex BA25_M #26	MDD	Mpair26_MDD	6.39	4.062	0.46	2.65	5.12	M	M	False
GSE54572__HG-U133_Plus_2	HG-U133_Plus_2	GSE54572	ACC_BA25	GSM1319190	MDD matched sample pair brain anterior cingulate cortex BA25_M #29	MDD	Mpair29_MDD	6.615	3.904	0.545	2.65	5.12	M	M	False
GSE54572__HG-U133_Plus_2	HG-U133_Plus_2	GSE54572	ACC_BA25	GSM1319191	MDD matched sample pair brain anterior cingulate cortex BA25_M #30	MDD	Mpair30_MDD	6.555	3.972	0.522	2.65	5.12	M	M	False
